x,location,watershed,site_enviro,site_type,site_salinity,lattitude,longitude,elevation,max_elevation_watershed-m,wsp,group_by_water_shed_percent,group_by_elevation,distribution,watershed_order,mauka,norm_order,norm_watershed_order,watershed_mauka,type_norm_order
1,Honolii,HONOLII,Marine,Ocean,Marine,19.7563774,-155.0904238,0,39.2,0,KAI,KAI,1,HONOLII_1,KAI,10,HONOLII_10,HONOLII_KAI,3.Urban_HONOLII_10
2,Onekahakaha,KEAUKAHA,Marine,Ocean,Marine,19.7385834,-155.0391203,0,6.6,0,KAI,KAI,1,KEAUKAHA_1,KAI,10,KEAUKAHA_10,KEAUKAHA_KAI,3.Urban_KEAUKAHA_10
3,Puhi_Bay,KEAUKAHA,Marine,Ocean,Marine,19.7322414,-155.046373,0,6.6,0,KAI,KAI,1,KEAUKAHA_1,KAI,10,KEAUKAHA_10,KEAUKAHA_KAI,3.Urban_KEAUKAHA_10
4,Richardson,KEAUKAHA,Marine,Ocean,Marine,19.7369272,-155.0135642,0,6.6,0,KAI,KAI,1,KEAUKAHA_1,KAI,10,KEAUKAHA_10,KEAUKAHA_KAI,3.Urban_KEAUKAHA_10
5,Kalapahapuu,KOHOLALELE,Freshwater,Stream,Freshwater,20.0336668,-155.3553501,219.4,1964,0.111710794,MID.2,MID.1,2,KOHOLALELE_2,KALA,5,KOHOLALELE_5,KOHOLALELE_KALA,3.Urban_KOHOLALELE_5
6,Koholalele_Kai,KOHOLALELE,Marine,Ocean,Marine,20.0486243,-155.3506723,3.9,1964,0.001985743,MAKAI,MAKAI,3,KOHOLALELE_3,MAKAI,7,KOHOLALELE_7,KOHOLALELE_MAKAI,3.Urban_KOHOLALELE_7
7,KaluaoLono_punawai_Lepelau,KOHOLALELE,Freshwater,Stream,Freshwater,20.0212343,-155.3598134,417.6,1964,0.212627291,MID.1,MAUKA.3,1,KOHOLALELE_1,MAUKA,3,KOHOLALELE_3,KOHOLALELE_MAUKA,3.Urban_KOHOLALELE_3
8,Kahua_Waipunalau,PAAUILO,Freshwater,Spring,Freshwater,20.0135854,-155.3816968,592.8,1210,0.489917355,MAUKA.3,MAUKA.2,1,PAAUILO_1,MAUKA,3,PAAUILO_3,PAAUILO_MAUKA,3.Urban_PAAUILO_3
9,Waihalulu,PAAUILO,Freshwater,Spring,Freshwater,20.0361651,-155.3738004,293.7,1210,0.242727273,MID.1,MAUKA.3,2,PAAUILO_2,KALA,4,PAAUILO_4,PAAUILO_KALA,2.Aggriculture_PAAUILO_4
10,Waipunalau_Paauilo,PAAUILO,Freshwater,Stream,Freshwater,20.0404414,-155.3710279,233.6,1210,0.193057851,MID.2,MID.1,3,PAAUILO_3,KALA,5,PAAUILO_5,PAAUILO_KALA,2.Aggriculture_PAAUILO_5
11,Waipunalau_Pakii,PAAUILO,Freshwater,Stream,Freshwater,20.0404414,-155.3710279,233.6,1210,0.193057851,MID.2,MID.1,3,PAAUILO_3,KALA,5,PAAUILO_5,PAAUILO_KALA,2.Aggriculture_PAAUILO_5
12,Bayfront,WAILOA,Marine,Ocean,Marine,19.7237177,-155.0739247,0,2,0,KAI,KAI,1,WAILOA_1,KAI,10,WAILOA_10,WAILOA_KAI,1.Pristine_WAILOA_10
13,Reeds_Bay,WAILOA,Marine,Ocean,Marine,19.7258184,-155.0626808,0,2,0,KAI,KAI,1,WAILOA_1,KAI,10,WAILOA_10,WAILOA_KAI,1.Pristine_WAILOA_10
14,Honokohau.Bowl,HONOKOHAU,Freshwater,Waterfall,Freshwater,20.90891,-156.58375,778.5,1761,0.442078365,MAUKA.3,MAUKA.2,1,HONOKOHAU_1,MAUKA,3,HONOKOHAU_3,HONOKOHAU_MAUKA,1.Pristine_HONOKOHAU_3
15,Honokohau.crossing,HONOKOHAU,Freshwater,Stream,Freshwater,21.008158,-156.606245,28.6,1761,0.016240772,MAKAI,MAKAI,4,HONOKOHAU_4,MAKAI,8,HONOKOHAU_8,HONOKOHAU_MAKAI,1.Pristine_HONOKOHAU_8
16,Honokohau.loi.hoi,HONOKOHAU,Agriculture,Loi,Freshwater,21.008654,-156.606187,28.7,1761,0.016297558,MAKAI,MAKAI,4,HONOKOHAU_4,MAKAI,8,HONOKOHAU_8,HONOKOHAU_MAKAI,1.Pristine_HONOKOHAU_8
17,Honokohau.muliwai,HONOKOHAU,Brackish,Muliwai,Brackish,21.020774,-156.609344,1.3,1761,0.000738217,MAKAI,MAKAI,5,HONOKOHAU_5,MAKAI,8,HONOKOHAU_8,HONOKOHAU_MAKAI,1.Pristine_HONOKOHAU_8
18,Honokohau.Right.bowl,HONOKOHAU,Freshwater,Waterfall,Freshwater,20.90891,-156.58375,778.5,1761,0.442078365,MAUKA.3,MAUKA.2,1,HONOKOHAU_1,MAUKA,3,HONOKOHAU_3,HONOKOHAU_MAUKA,1.Pristine_HONOKOHAU_3
19,Honokohau.Right.wall,HONOKOHAU,Freshwater,Waterfall,Freshwater,20.90891,-156.58375,778.5,1761,0.442078365,MAUKA.3,MAUKA.2,1,HONOKOHAU_1,MAUKA,3,HONOKOHAU_3,HONOKOHAU_MAUKA,1.Pristine_HONOKOHAU_3
20,Honokohau.Transect.1.O,HONOKOHAU,Freshwater,Stream,Freshwater,20.961867,-156.585567,346,1761,0.196479273,MID.2,MAUKA.3,2,HONOKOHAU_2,KALA,5,HONOKOHAU_5,HONOKOHAU_KALA,1.Pristine_HONOKOHAU_5
21,Honokohau.Transect.15.Q,HONOKOHAU,Freshwater,Stream,Freshwater,20.960817,-156.586517,269.8,1761,0.153208404,MID.2,MAUKA.3,3,HONOKOHAU_3,KALA,5,HONOKOHAU_5,HONOKOHAU_KALA,1.Pristine_HONOKOHAU_5
22,Honokohau.Transect.6.P,HONOKOHAU,Freshwater,Stream,Freshwater,20.961433,-156.586467,269.4,1761,0.152981261,MID.2,MAUKA.3,3,HONOKOHAU_3,KALA,5,HONOKOHAU_5,HONOKOHAU_KALA,1.Pristine_HONOKOHAU_5
23,Honokohau.USGS.gauge.upstream,HONOKOHAU,Freshwater,Stream,Freshwater,20.960017,-156.587017,274,1761,0.155593413,MID.2,MAUKA.3,3,HONOKOHAU_3,KALA,5,HONOKOHAU_5,HONOKOHAU_KALA,1.Pristine_HONOKOHAU_5
24,Bog.0m,HONOKOHAU,NativeForest,Bog,Freshwater,20.890355,-156.5862045,1756.6,1761,0.99750142,MAUKA.1,MAUKA.1,1,HONOKOHAU_1,MAUKA,1,HONOKOHAU_1,HONOKOHAU_MAUKA,2.Aggriculture_HONOKOHAU_1
25,Bog.1000m,HONOKOHAU,NativeForest,Bog,Freshwater,20.8991984,-156.5883429,1615.4,1761,0.917319705,MAUKA.1,MAUKA.1,3,HONOKOHAU_3,MAUKA,1,HONOKOHAU_1,HONOKOHAU_MAUKA,1.Pristine_HONOKOHAU_1
26,Bog.100m,HONOKOHAU,NativeForest,Bog,Freshwater,20.8914899,-156.5866428,1746.6,1761,0.991822828,MAUKA.1,MAUKA.1,1,HONOKOHAU_1,MAUKA,1,HONOKOHAU_1,HONOKOHAU_MAUKA,2.Aggriculture_HONOKOHAU_1
27,Bog.1100m,HONOKOHAU,NativeForest,Bog,Freshwater,20.9000592,-156.5886782,1605.8,1761,0.911868257,MAUKA.1,MAUKA.1,3,HONOKOHAU_3,MAUKA,1,HONOKOHAU_1,HONOKOHAU_MAUKA,1.Pristine_HONOKOHAU_1
28,Bog.1200m,HONOKOHAU,NativeForest,Bog,Freshwater,20.9008134,-156.589232,1596.8,1761,0.906757524,MAUKA.1,MAUKA.1,4,HONOKOHAU_4,MAUKA,1,HONOKOHAU_1,HONOKOHAU_MAUKA,1.Pristine_HONOKOHAU_1
29,Bog.1300m,HONOKOHAU,NativeForest,Bog,Freshwater,20.9016202,-156.5896451,1584.4,1761,0.89971607,MAUKA.1,MAUKA.1,4,HONOKOHAU_4,MAUKA,1,HONOKOHAU_1,HONOKOHAU_MAUKA,1.Pristine_HONOKOHAU_1
30,Bog.1400m,HONOKOHAU,NativeForest,Bog,Freshwater,20.9023942,-156.5900763,1564.8,1761,0.888586031,MAUKA.1,MAUKA.1,4,HONOKOHAU_4,MAUKA,1,HONOKOHAU_1,HONOKOHAU_MAUKA,1.Pristine_HONOKOHAU_1
31,Bog.1500m,HONOKOHAU,NativeForest,Bog,Freshwater,20.9030018,-156.5908475,1549.4,1761,0.879840999,MAUKA.1,MAUKA.1,5,HONOKOHAU_5,MAUKA,2,HONOKOHAU_2,HONOKOHAU_MAUKA,1.Pristine_HONOKOHAU_2
32,Bog.1600m,HONOKOHAU,NativeForest,Bog,Freshwater,20.9038875,-156.5912149,1536.9,1761,0.87274276,MAUKA.1,MAUKA.1,5,HONOKOHAU_5,MAUKA,2,HONOKOHAU_2,HONOKOHAU_MAUKA,1.Pristine_HONOKOHAU_2
33,Bog.1700m,HONOKOHAU,NativeForest,Bog,Freshwater,20.9043693,-156.591891,1527.6,1761,0.86746167,MAUKA.1,MAUKA.1,5,HONOKOHAU_5,MAUKA,2,HONOKOHAU_2,HONOKOHAU_MAUKA,1.Pristine_HONOKOHAU_2
34,Bog.1800m,HONOKOHAU,NativeForest,Bog,Freshwater,20.9050969,-156.5922918,1516.2,1761,0.860988075,MAUKA.1,MAUKA.1,5,HONOKOHAU_5,MAUKA,2,HONOKOHAU_2,HONOKOHAU_MAUKA,1.Pristine_HONOKOHAU_2
35,Bog.1900m,HONOKOHAU,NativeForest,Bog,Freshwater,20.9058874,-156.5925963,1501.5,1761,0.852640545,MAUKA.1,MAUKA.1,6,HONOKOHAU_6,MAUKA,2,HONOKOHAU_2,HONOKOHAU_MAUKA,1.Pristine_HONOKOHAU_2
36,Bog.2000m,HONOKOHAU,NativeForest,Bog,Freshwater,20.9065297,-156.5924662,1490.1,1761,0.846166951,MAUKA.1,MAUKA.1,6,HONOKOHAU_6,MAUKA,2,HONOKOHAU_2,HONOKOHAU_MAUKA,1.Pristine_HONOKOHAU_2
37,Bog.2100m,HONOKOHAU,NativeForest,Bog,Freshwater,20.9072889,-156.5923642,1472.8,1761,0.836342987,MAUKA.1,MAUKA.1,6,HONOKOHAU_6,MAUKA,2,HONOKOHAU_2,HONOKOHAU_MAUKA,1.Pristine_HONOKOHAU_2
38,Bog.2200m,HONOKOHAU,NativeForest,Bog,Freshwater,20.9079708,-156.5923141,1459.6,1761,0.828847246,MAUKA.1,MAUKA.1,7,HONOKOHAU_7,MAUKA,2,HONOKOHAU_2,HONOKOHAU_MAUKA,1.Pristine_HONOKOHAU_2
39,Bog.2300m,HONOKOHAU,NativeForest,Bog,Freshwater,20.9085019,-156.5921425,1450.7,1761,0.823793299,MAUKA.1,MAUKA.1,7,HONOKOHAU_7,MAUKA,2,HONOKOHAU_2,HONOKOHAU_MAUKA,1.Pristine_HONOKOHAU_2
40,Bog.2500m,HONOKOHAU,NativeForest,Bog,Freshwater,20.9093126,-156.5919574,1426,1761,0.809767178,MAUKA.1,MAUKA.1,8,HONOKOHAU_8,MAUKA,2,HONOKOHAU_2,HONOKOHAU_MAUKA,1.Pristine_HONOKOHAU_2
41,Bog.2600m,HONOKOHAU,NativeForest,Bog,Freshwater,20.9100717,-156.5920164,1402.5,1761,0.796422487,MAUKA.2,MAUKA.1,8,HONOKOHAU_8,MAUKA,3,HONOKOHAU_3,HONOKOHAU_MAUKA,1.Pristine_HONOKOHAU_3
42,Bog.2700m,HONOKOHAU,NativeForest,Bog,Freshwater,20.9107477,-156.5920888,1388.8,1761,0.788642817,MAUKA.2,MAUKA.2,9,HONOKOHAU_9,MAUKA,3,HONOKOHAU_3,HONOKOHAU_MAUKA,1.Pristine_HONOKOHAU_3
43,Bog.300m,HONOKOHAU,NativeForest,Bog,Freshwater,20.8934117,-156.586787,1721.1,1761,0.977342419,MAUKA.1,MAUKA.1,1,HONOKOHAU_1,MAUKA,1,HONOKOHAU_1,HONOKOHAU_MAUKA,2.Aggriculture_HONOKOHAU_1
44,Bog.400m,HONOKOHAU,NativeForest,Bog,Freshwater,20.8942514,-156.5870132,1703.1,1761,0.967120954,MAUKA.1,MAUKA.1,1,HONOKOHAU_1,MAUKA,1,HONOKOHAU_1,HONOKOHAU_MAUKA,1.Pristine_HONOKOHAU_1
45,Bog.500m,HONOKOHAU,NativeForest,Bog,Freshwater,20.8950833,-156.5872331,1678.6,1761,0.953208404,MAUKA.1,MAUKA.1,2,HONOKOHAU_2,MAUKA,1,HONOKOHAU_1,HONOKOHAU_MAUKA,1.Pristine_HONOKOHAU_1
46,Bog.600m,HONOKOHAU,NativeForest,Bog,Freshwater,20.8958701,-156.5874584,1666.4,1761,0.946280522,MAUKA.1,MAUKA.1,2,HONOKOHAU_2,MAUKA,1,HONOKOHAU_1,HONOKOHAU_MAUKA,1.Pristine_HONOKOHAU_1
47,Bog.700m,HONOKOHAU,NativeForest,Bog,Freshwater,20.8967033,-156.587681,1658.6,1761,0.941851221,MAUKA.1,MAUKA.1,2,HONOKOHAU_2,MAUKA,1,HONOKOHAU_1,HONOKOHAU_MAUKA,1.Pristine_HONOKOHAU_1
48,Bog.800m,HONOKOHAU,NativeForest,Bog,Freshwater,20.897497,-156.5881122,1652.8,1761,0.938557638,MAUKA.1,MAUKA.1,2,HONOKOHAU_2,MAUKA,1,HONOKOHAU_1,HONOKOHAU_MAUKA,1.Pristine_HONOKOHAU_1
49,Bog.900m,HONOKOHAU,NativeForest,Bog,Freshwater,20.8983239,-156.5883456,1642.3,1761,0.932595116,MAUKA.1,MAUKA.1,3,HONOKOHAU_3,MAUKA,1,HONOKOHAU_1,HONOKOHAU_MAUKA,1.Pristine_HONOKOHAU_1
50,Kiowaiokihawahina,HONOKOHAU,Freshwater,Bog,Freshwater,20.904338,-156.5921083,1525.4,1761,0.866212379,MAUKA.1,MAUKA.1,5,HONOKOHAU_5,MAUKA,2,HONOKOHAU_2,HONOKOHAU_MAUKA,1.Pristine_HONOKOHAU_2
51,Pristine.Lehua.Bog.1400m,HONOKOHAU,NativeForest,Bog,Freshwater,20.9023942,-156.5900763,1564.8,1761,0.888586031,MAUKA.1,MAUKA.1,4,HONOKOHAU_4,MAUKA,1,HONOKOHAU_1,HONOKOHAU_MAUKA,1.Pristine_HONOKOHAU_1
52,Summit.wai.200m.300m,HONOKOHAU,Freshwater,Bog,Freshwater,20.8924271,-156.5868105,1734.3,1761,0.98483816,MAUKA.1,MAUKA.1,1,HONOKOHAU_1,MAUKA,1,HONOKOHAU_1,HONOKOHAU_MAUKA,2.Aggriculture_HONOKOHAU_1
53,Honolua.bay.left.muliwai,HONOLUA,Brackish,Muliwai,Brackish,21.01324,-156.63898,11,1316,0.008358663,MAKAI,MAKAI,6,HONOLUA_6,MAKAI,8,HONOLUA_8,HONOLUA_MAKAI,1.Pristine_HONOLUA_8
54,Honolua.bay.middle,HONOLUA,Marine,Ocean,Marine,21.0137,-156.63842,0,1316,0,KAI,KAI,8,HONOLUA_8,KAI,10,HONOLUA_10,HONOLUA_KAI,1.Pristine_HONOLUA_10
55,Honolua.bay.right.side,HONOLUA,Marine,Ocean,Marine,21.01437,-156.63816,0,1316,0,KAI,KAI,9,HONOLUA_9,KAI,11,HONOLUA_11,HONOLUA_KAI,1.Pristine_HONOLUA_11
56,Honolua.kaawai.uka.t24.N,HONOLUA,Freshwater,Stream,Freshwater,20.9789215,-156.6175817,268.4,1316,0.203951368,MID.1,MAUKA.3,4,HONOLUA_4,KALA,4,HONOLUA_4,HONOLUA_KALA,1.Pristine_HONOLUA_4
57,Honolua.Kahawai.uka,HONOLUA,Freshwater,Stream,Freshwater,20.9819,-156.618483,247.7,1316,0.188221884,MID.2,MID.1,5,HONOLUA_5,KALA,6,HONOLUA_6,HONOLUA_KALA,1.Pristine_HONOLUA_6
58,Honolua.kahwai.uka.1.K,HONOLUA,Freshwater,Stream,Freshwater,20.98105,-156.618367,262,1316,0.199088146,MID.2,MAUKA.3,4,HONOLUA_4,KALA,6,HONOLUA_6,HONOLUA_KALA,1.Pristine_HONOLUA_6
59,Honolua.kahwai.uka.2.L,HONOLUA,Freshwater,Stream,Freshwater,20.979817,-156.61795,303.9,1316,0.230927052,MID.1,MAUKA.3,2,HONOLUA_2,KALA,4,HONOLUA_4,HONOLUA_KALA,1.Pristine_HONOLUA_4
60,Honolua.kahwai.uka.3.M,HONOLUA,Freshwater,Stream,Freshwater,20.979817,-156.617217,303.9,1316,0.230927052,MID.1,MAUKA.3,2,HONOLUA_2,KALA,4,HONOLUA_4,HONOLUA_KALA,1.Pristine_HONOLUA_4
61,Honolua.Kai,HONOLUA,Freshwater,Stream,Freshwater,20.99074,-156.62103,287.5,1316,0.218465046,MID.1,MAUKA.3,3,HONOLUA_3,KALA,4,HONOLUA_4,HONOLUA_KALA,1.Pristine_HONOLUA_4
62,Honolua.Kamaloi,HONOLUA,Freshwater,Stream,Freshwater,20.99074,-156.62103,287.5,1316,0.218465046,MID.1,MAUKA.3,3,HONOLUA_3,KALA,4,HONOLUA_4,HONOLUA_KALA,1.Pristine_HONOLUA_4
63,Honolua.Loi.1,HONOLUA,Agriculture,Loi,Freshwater,20.99074,-156.62103,287.5,1316,0.218465046,MID.1,MAUKA.3,3,HONOLUA_3,KALA,4,HONOLUA_4,HONOLUA_KALA,1.Pristine_HONOLUA_4
64,Honolua.Loi.10,HONOLUA,Agriculture,Loi,Freshwater,20.99074,-156.62103,287.5,1316,0.218465046,MID.1,MAUKA.3,3,HONOLUA_3,KALA,4,HONOLUA_4,HONOLUA_KALA,1.Pristine_HONOLUA_4
65,Honolua.Loi.11,HONOLUA,Agriculture,Loi,Freshwater,20.99074,-156.62103,287.5,1316,0.218465046,MID.1,MAUKA.3,3,HONOLUA_3,KALA,4,HONOLUA_4,HONOLUA_KALA,1.Pristine_HONOLUA_4
66,Honolua.Loi.12,HONOLUA,Agriculture,Loi,Freshwater,20.99074,-156.62103,287.5,1316,0.218465046,MID.1,MAUKA.3,3,HONOLUA_3,KALA,4,HONOLUA_4,HONOLUA_KALA,1.Pristine_HONOLUA_4
67,Honolua.Loi.2,HONOLUA,Agriculture,Loi,Freshwater,20.99074,-156.62103,287.5,1316,0.218465046,MID.1,MAUKA.3,3,HONOLUA_3,KALA,4,HONOLUA_4,HONOLUA_KALA,1.Pristine_HONOLUA_4
68,Honolua.Loi.3,HONOLUA,Agriculture,Loi,Freshwater,20.99074,-156.62103,287.5,1316,0.218465046,MID.1,MAUKA.3,3,HONOLUA_3,KALA,4,HONOLUA_4,HONOLUA_KALA,1.Pristine_HONOLUA_4
69,Honolua.Loi.4,HONOLUA,Agriculture,Loi,Freshwater,20.99074,-156.62103,287.5,1316,0.218465046,MID.1,MAUKA.3,3,HONOLUA_3,KALA,4,HONOLUA_4,HONOLUA_KALA,1.Pristine_HONOLUA_4
70,Honolua.Loi.5,HONOLUA,Agriculture,Loi,Freshwater,20.99074,-156.62103,287.5,1316,0.218465046,MID.1,MAUKA.3,3,HONOLUA_3,KALA,4,HONOLUA_4,HONOLUA_KALA,1.Pristine_HONOLUA_4
71,Honolua.Loi.6,HONOLUA,Agriculture,Loi,Freshwater,20.99074,-156.62103,287.5,1316,0.218465046,MID.1,MAUKA.3,3,HONOLUA_3,KALA,4,HONOLUA_4,HONOLUA_KALA,1.Pristine_HONOLUA_4
72,Honolua.Loi.7,HONOLUA,Agriculture,Loi,Freshwater,20.99074,-156.62103,287.5,1316,0.218465046,MID.1,MAUKA.3,3,HONOLUA_3,KALA,4,HONOLUA_4,HONOLUA_KALA,1.Pristine_HONOLUA_4
73,Honolua.Loi.8,HONOLUA,Agriculture,Loi,Freshwater,20.99074,-156.62103,287.5,1316,0.218465046,MID.1,MAUKA.3,3,HONOLUA_3,KALA,4,HONOLUA_4,HONOLUA_KALA,1.Pristine_HONOLUA_4
74,Honolua.Loi.9,HONOLUA,Agriculture,Loi,Freshwater,20.99203,-156.62154,270.9,1316,0.205851064,MID.1,MAUKA.3,3,HONOLUA_3,KALA,4,HONOLUA_4,HONOLUA_KALA,1.Pristine_HONOLUA_4
75,Mokuleia.Punawai,HONOLUA,Freshwater,Spring,Freshwater,21.011706,-156.641555,3.2,1316,0.002431611,MAKAI,MAKAI,7,HONOLUA_7,MAKAI,8,HONOLUA_8,HONOLUA_MAKAI,1.Pristine_HONOLUA_8
76,Olona.grove,HONOLUA,Agriculture,Soil,Freshwater,20.9575793,-156.6268109,543.6,1761,0.308688245,MID.1,MAUKA.2,1,HONOLUA_1,MAUKA,3,HONOLUA_3,HONOLUA_MAUKA,1.Pristine_HONOLUA_3
77,Kohoma.crossing,KAHOMA,Freshwater,Stream,Freshwater,20.8936,-156.66415,113.9,1757,0.064826409,MID.2,MID.2,2,KAHOMA_2,KALA,5,KAHOMA_5,KAHOMA_KALA,1.Pristine_KAHOMA_5
78,Kohoma.mauka,KAHOMA,Freshwater,Stream,Freshwater,20.89595,-156.659967,144.9,1757,0.08247012,MID.2,MID.2,1,KAHOMA_1,KALA,5,KAHOMA_5,KAHOMA_KALA,1.Pristine_KAHOMA_5
79,Lahina.Mokuula,LAHAINA,Freshwater,Stream,Freshwater,20.8673889,-156.6758086,0.6,765,0.000784314,MAKAI,MAKAI,1,LAHAINA_1,MAKAI,7,LAHAINA_7,LAHAINA_MAKAI,1.Pristine_LAHAINA_7
80,Launiupoko.mauka,LAUNIUPOKO,Freshwater,Stream,Freshwater,20.866817,-156.653717,110.7,1426,0.077629734,MID.2,MID.2,1,LAUNIUPOKO_1,KALA,5,LAUNIUPOKO_5,LAUNIUPOKO_KALA,1.Pristine_LAUNIUPOKO_5
81,Olowalu.8.Mauka.beta,OLOWALU,Freshwater,Stream,Freshwater,20.82275,-156.612567,64.2,1587,0.040453686,MAKAI,MID.2,1,OLOWALU_1,MAKAI,7,OLOWALU_7,OLOWALU_MAKAI,1.Pristine_OLOWALU_7
82,Olowalu.bridge.gamma,OLOWALU,Freshwater,Stream,Freshwater,20.819733,-156.618133,40.3,1587,0.025393825,MAKAI,MAKAI,2,OLOWALU_2,MAKAI,7,OLOWALU_7,OLOWALU_MAKAI,1.Pristine_OLOWALU_7
83,KalepaA.muliwai,WAIHEE,Brackish,Muliwai,Brackish,20.9340476,-156.5039604,1,1736,0.000576037,MAKAI,MAKAI,7,WAIHEE_7,MAKAI,8,WAIHEE_8,WAIHEE_MAKAI,1.Pristine_WAIHEE_8
84,KalepaB.Kope.muliwai,WAIHEE,Brackish,Muliwai,Brackish,20.9336268,-156.5039979,1.9,1736,0.00109447,MAKAI,MAKAI,6,WAIHEE_6,MAKAI,8,WAIHEE_8,WAIHEE_MAKAI,1.Pristine_WAIHEE_8
85,Kapoho.fishpond,WAIHEE,Agriculture,Fishpond,Brackish,20.9346018,-156.5088389,30.3,1736,0.017453917,MAKAI,MAKAI,4,WAIHEE_4,MAKAI,8,WAIHEE_8,WAIHEE_MAKAI,1.Pristine_WAIHEE_8
86,Kapoho.village,WAIHEE,Agriculture,Fishpond,Brackish,20.9339904,-156.5084661,30.7,1736,0.017684332,MAKAI,MAKAI,4,WAIHEE_4,MAKAI,8,WAIHEE_8,WAIHEE_MAKAI,1.Pristine_WAIHEE_8
87,KapunaFarms.Hoiwai,WAIHEE,Agriculture,Loi,Freshwater,20.94208,-156.52524,67.8,1736,0.0390553,MAKAI,MID.2,2,WAIHEE_2,MAKAI,7,WAIHEE_7,WAIHEE_MAKAI,1.Pristine_WAIHEE_7
88,KapunaFarms.Maluhia_Makawai,WAIHEE,Agriculture,Loi,Freshwater,20.94264,-156.5264,74,1736,0.042626728,MAKAI,MID.2,1,WAIHEE_1,MAKAI,7,WAIHEE_7,WAIHEE_MAKAI,1.Pristine_WAIHEE_7
89,KapunaFarms.Poowai,WAIHEE,Agriculture,Loi,Freshwater,20.94254,-156.52691,74.3,1736,0.042799539,MAKAI,MID.2,1,WAIHEE_1,MAKAI,7,WAIHEE_7,WAIHEE_MAKAI,1.Pristine_WAIHEE_7
90,KapunaFarms.tub,WAIHEE,Agriculture,Loi,Freshwater,20.94256,-156.52587,73.4,1736,0.042281106,MAKAI,MID.2,1,WAIHEE_1,MAKAI,7,WAIHEE_7,WAIHEE_MAKAI,2.Aggriculture_WAIHEE_7
91,Waiehu.Auwai.Low.Loi.E,WAIHEE,Agriculture,Loi,Freshwater,20.9422072,-156.5192625,66,1736,0.038018433,MAKAI,MID.2,3,WAIHEE_3,MAKAI,7,WAIHEE_7,WAIHEE_MAKAI,1.Pristine_WAIHEE_7
92,Waiehu.loi.A,WAIHEE,Agriculture,Loi,Freshwater,20.94211298,-156.5195955,66,1736,0.038018433,MAKAI,MID.2,3,WAIHEE_3,MAKAI,7,WAIHEE_7,WAIHEE_MAKAI,1.Pristine_WAIHEE_7
93,Waiehu.loi.Auwai.Pipe,WAIHEE,Agriculture,Loi,Freshwater,20.9420231,-156.519689,66,1736,0.038018433,MAKAI,MID.2,3,WAIHEE_3,MAKAI,7,WAIHEE_7,WAIHEE_MAKAI,1.Pristine_WAIHEE_7
94,Waiehu.loi.B,WAIHEE,Agriculture,Loi,Freshwater,20.94212097,-156.5194295,66,1736,0.038018433,MAKAI,MID.2,3,WAIHEE_3,MAKAI,7,WAIHEE_7,WAIHEE_MAKAI,1.Pristine_WAIHEE_7
95,Waiehu.loi.C,WAIHEE,Agriculture,Loi,Freshwater,20.94219042,-156.5194987,66,1736,0.038018433,MAKAI,MID.2,3,WAIHEE_3,MAKAI,7,WAIHEE_7,WAIHEE_MAKAI,1.Pristine_WAIHEE_7
96,Waiehu.loi.D,WAIHEE,Agriculture,Loi,Freshwater,20.94221486,-156.5194081,66,1736,0.038018433,MAKAI,MID.2,3,WAIHEE_3,MAKAI,7,WAIHEE_7,WAIHEE_MAKAI,1.Pristine_WAIHEE_7
97,Waiehu.loi.E,WAIHEE,Agriculture,Loi,Freshwater,20.94217232,-156.5192893,66,1736,0.038018433,MAKAI,MID.2,3,WAIHEE_3,MAKAI,7,WAIHEE_7,WAIHEE_MAKAI,1.Pristine_WAIHEE_7
98,Waihee.muliwai,WAIHEE,Brackish,Muliwai,Brackish,20.94755,-156.510267,3.2,1736,0.001843318,MAKAI,MAKAI,5,WAIHEE_5,MAKAI,8,WAIHEE_8,WAIHEE_MAKAI,1.Pristine_WAIHEE_8
99,Waihee.muliwai.1,WAIHEE,Brackish,Muliwai,Brackish,20.94755,-156.510267,3.2,1736,0.001843318,MAKAI,MAKAI,5,WAIHEE_5,MAKAI,8,WAIHEE_8,WAIHEE_MAKAI,1.Pristine_WAIHEE_8
100,Waihee.muliwai.2,WAIHEE,Brackish,Muliwai,Brackish,20.9476433,-156.5098967,2,1736,0.001152074,MAKAI,MAKAI,5,WAIHEE_5,MAKAI,8,WAIHEE_8,WAIHEE_MAKAI,1.Pristine_WAIHEE_8
101,Waihee.muliwai.3,WAIHEE,Brackish,Muliwai,Brackish,20.9479464,-156.5093844,1.6,1736,0.000921659,MAKAI,MAKAI,6,WAIHEE_6,MAKAI,8,WAIHEE_8,WAIHEE_MAKAI,1.Pristine_WAIHEE_8
102,Nohoana.Auwai.low,WAIKAPU,Agriculture,Loi,Freshwater,20.8563661,-156.5103927,160.6,3053,0.052603996,MID.2,MID.1,3,WAIKAPU_3,KALA,5,WAIKAPU_5,WAIKAPU_KALA,1.Pristine_WAIKAPU_5
103,Nohoana.Auwai.up,WAIKAPU,Agriculture,Loi,Freshwater,20.8568724,-156.5101862,163.8,3053,0.053652145,MID.2,MID.1,2,WAIKAPU_2,KALA,5,WAIKAPU_5,WAIKAPU_KALA,1.Pristine_WAIKAPU_5
104,Nohoana.Hoiwai,WAIKAPU,Agriculture,Loi,Freshwater,20.8560227,-156.510555,158.2,3053,0.051817884,MID.2,MID.1,5,WAIKAPU_5,KALA,6,WAIKAPU_6,WAIKAPU_KALA,2.Aggriculture_WAIKAPU_6
105,Nohoana.loi.A,WAIKAPU,Agriculture,Loi,Freshwater,20.8564452,-156.5102808,160.8,3053,0.052669505,MID.2,MID.1,3,WAIKAPU_3,KALA,5,WAIKAPU_5,WAIKAPU_KALA,1.Pristine_WAIKAPU_5
106,Nohoana.loi.B,WAIKAPU,Agriculture,Loi,Freshwater,20.8562407,-156.5104426,159.7,3053,0.052309204,MID.2,MID.1,4,WAIKAPU_4,KALA,6,WAIKAPU_6,WAIKAPU_KALA,1.Pristine_WAIKAPU_6
107,Nohoana.loi.C,WAIKAPU,Agriculture,Loi,Freshwater,20.8561344,-156.5105293,159,3053,0.052079921,MID.2,MID.1,4,WAIKAPU_4,KALA,6,WAIKAPU_6,WAIKAPU_KALA,2.Aggriculture_WAIKAPU_6
108,Waikapu.Kealia.muliwai,WAIKAPU,Brackish,Muliwai,Brackish,20.795867,-156.488033,1,3053,0.000327547,MAKAI,MAKAI,6,WAIKAPU_6,MAKAI,8,WAIKAPU_8,WAIKAPU_MAKAI,2.Aggriculture_WAIKAPU_8
109,Waikapu.poowai,WAIKAPU,Freshwater,Stream,Freshwater,20.857017,-156.51312,170.7,3053,0.055912217,MID.2,MID.1,1,WAIKAPU_1,KALA,5,WAIKAPU_5,WAIKAPU_KALA,1.Pristine_WAIKAPU_5
110,Waikapu.Shimizu,WAIKAPU,Agriculture,Loi,Freshwater,20.856983,-156.512383,169.9,3053,0.05565018,MID.2,MID.1,2,WAIKAPU_2,KALA,5,WAIKAPU_5,WAIKAPU_KALA,1.Pristine_WAIKAPU_5
111,Waikapu.stream,WAIKAPU,Freshwater,Stream,Freshwater,20.8559012,-156.5107767,159.4,3053,0.05221094,MID.2,MID.1,4,WAIKAPU_4,KALA,6,WAIKAPU_6,WAIKAPU_KALA,2.Aggriculture_WAIKAPU_6
112,KKO_2,HEEIA,Agriculture,Fishpond,Brackish,21.4376619,-157.8132678,2.6,830,0.00313253,MAKAI,MAKAI,9,HEEIA_9,MAKAI,9,HEEIA_9,HEEIA_MAKAI,3.Urban_HEEIA_9
113,KKO_3,HEEIA,Agriculture,Fishpond,Brackish,21.4367432,-157.8142351,1,830,0.001204819,MAKAI,MAKAI,10,HEEIA_10,MAKAI,9,HEEIA_9,HEEIA_MAKAI,3.Urban_HEEIA_9
114,KKO_Bridge,HEEIA,Agriculture,Fishpond,Brackish,21.4378332,-157.8121786,1.7,830,0.002048193,MAKAI,MAKAI,10,HEEIA_10,MAKAI,9,HEEIA_9,HEEIA_MAKAI,3.Urban_HEEIA_9
115,KKO_Excavation,HEEIA,Agriculture,Fishpond,Brackish,21.4351263,-157.8142331,1,830,0.001204819,MAKAI,MAKAI,10,HEEIA_10,MAKAI,9,HEEIA_9,HEEIA_MAKAI,3.Urban_HEEIA_9
116,KKO_S1.AUWAI_1,HEEIA,Agriculture,Loi,Freshwater,21.433056,-157.810556,6.2,830,0.00746988,MAKAI,MAKAI,6,HEEIA_6,MAKAI,8,HEEIA_8,HEEIA_MAKAI,3.Urban_HEEIA_8
117,KKO_S2.LOI_HOI_1,HEEIA,Agriculture,Loi,Freshwater,21.432222,-157.811111,4,830,0.004819277,MAKAI,MAKAI,7,HEEIA_7,MAKAI,8,HEEIA_8,HEEIA_MAKAI,3.Urban_HEEIA_8
118,KKO_S3.AUWAI_DAM,HEEIA,Agriculture,Loi,Freshwater,21.428611,-157.813889,5.8,830,0.006987952,MAKAI,MAKAI,6,HEEIA_6,MAKAI,8,HEEIA_8,HEEIA_MAKAI,3.Urban_HEEIA_8
119,KKO_S4.NEW_LOI_AUWAI,HEEIA,Agriculture,Loi,Freshwater,21.43,-157.813333,5.8,830,0.006987952,MAKAI,MAKAI,6,HEEIA_6,MAKAI,8,HEEIA_8,HEEIA_MAKAI,3.Urban_HEEIA_8
120,KKO_S5.EXIT_AUWAI,HEEIA,Agriculture,Loi,Freshwater,21.4325,-157.811667,4,830,0.004819277,MAKAI,MAKAI,8,HEEIA_8,MAKAI,8,HEEIA_8,HEEIA_MAKAI,3.Urban_HEEIA_8
121,KKO_S6.LOI_3,HEEIA,Agriculture,Loi,Freshwater,21.4332577,-157.8115927,5,830,0.006024096,MAKAI,MAKAI,7,HEEIA_7,MAKAI,8,HEEIA_8,HEEIA_MAKAI,3.Urban_HEEIA_8
122,KKO_Muliwai,HEEIA,Brackish,Muliwai,Brackish,21.4384608,-157.811122,1,830,0.001204819,MAKAI,MAKAI,11,HEEIA_11,MAKAI,9,HEEIA_9,HEEIA_MAKAI,3.Urban_HEEIA_9
123,KKO_Sulfur,HEEIA,Marine,Fishpond,Marine,21.4364236,-157.8130532,1,830,0.001204819,MAKAI,MAKAI,10,HEEIA_10,MAKAI,9,HEEIA_9,HEEIA_MAKAI,3.Urban_HEEIA_9
124,DOCK,HEEIA,Marine,Fishpond,Marine,21.4319473,-157.8070795,0.6,830,0.000722892,KAI,KAI,13,HEEIA_13,KAI,12,HEEIA_12,HEEIA_KAI,3.Urban_HEEIA_12
125,HAU,HEEIA,Marine,Fishpond,Marine,21.4323127,-157.8078151,2.8,830,0.003373494,MAKAI,MAKAI,9,HEEIA_9,MAKAI,9,HEEIA_9,HEEIA_MAKAI,3.Urban_HEEIA_9
126,HEEIA_MULIWAI,HEEIA,Marine,Fishpond,Marine,21.439947,-157.808895,0.3,830,0.000361446,MAKAI,MAKAI,14,HEEIA_14,MAKAI,9,HEEIA_9,HEEIA_MAKAI,3.Urban_HEEIA_9
127,HIHIMANU,HEEIA,Marine,Fishpond,Marine,21.433876,-157.805311,0,830,0,KAI,KAI,17,HEEIA_17,KAI,12,HEEIA_12,HEEIA_KAI,3.Urban_HEEIA_12
128,KAHOOKELE,HEEIA,Marine,Fishpond,Marine,21.4372855,-157.8058884,0,830,0,KAI,KAI,16,HEEIA_16,KAI,12,HEEIA_12,HEEIA_KAI,3.Urban_HEEIA_12
129,KEALOHI,HEEIA,Marine,Fishpond,Marine,21.43845,-157.806798,0,830,0,KAI,KAI,15,HEEIA_15,KAI,12,HEEIA_12,HEEIA_KAI,3.Urban_HEEIA_12
130,WAIKOLU,HEEIA,Marine,Fishpond,Marine,21.439078,-157.810477,0.7,830,0.000843373,MAKAI,MAKAI,12,HEEIA_12,MAKAI,9,HEEIA_9,HEEIA_MAKAI,3.Urban_HEEIA_9
131,WAIKOLU,HEEIA,Marine,Fishpond,Marine,21.439078,-157.81048,0.7,830,0.000843373,MAKAI,MAKAI,12,HEEIA_12,MAKAI,9,HEEIA_9,HEEIA_MAKAI,3.Urban_HEEIA_9
132,Papahana.AUWAI,HEEIA,Agriculture,Loi,Freshwater,21.41093,-157.821402,74.1,830,0.089277108,MID.2,MID.2,4,HEEIA_4,KALA,6,HEEIA_6,HEEIA_KALA,2.Aggriculture_HEEIA_6
133,Papahana.HOI,HEEIA,Agriculture,Loi,Freshwater,21.41093,-157.821402,74.1,830,0.089277108,MID.2,MID.2,5,HEEIA_5,KALA,6,HEEIA_6,HEEIA_KALA,2.Aggriculture_HEEIA_6
134,Papahana.KAHAWAI_1,HEEIA,Freshwater,Stream,Freshwater,21.409034,-157.823308,85,830,0.102409639,MID.2,MID.2,1,HEEIA_1,KALA,5,HEEIA_5,HEEIA_KALA,2.Aggriculture_HEEIA_5
135,Papahana.KAHAWAI_2,HEEIA,Freshwater,Stream,Freshwater,21.410456,-157.822405,79.2,830,0.095421687,MID.2,MID.2,3,HEEIA_3,KALA,5,HEEIA_5,HEEIA_KALA,2.Aggriculture_HEEIA_5
136,Papahana.KAHAWAI_3,HEEIA,Freshwater,Stream,Freshwater,21.410775,-157.822012,76.9,830,0.092650602,MID.2,MID.2,3,HEEIA_3,KALA,5,HEEIA_5,HEEIA_KALA,2.Aggriculture_HEEIA_5
137,PUNAWAI_WELL,HEEIA,Freshwater,Spring,Freshwater,21.411339,-157.822403,80.2,830,0.096626506,MID.2,MID.2,2,HEEIA_2,KALA,5,HEEIA_5,HEEIA_KALA,2.Aggriculture_HEEIA_5
138,Buzz,KAELEPULU,Brackish,Muliwai,Brackish,21.3967083,-157.7267,0.4,494,0.000809717,MAKAI,MAKAI,3,KAELEPULU_3,MAKAI,7,KAELEPULU_7,KAELEPULU_MAKAI,3.Urban_KAELEPULU_7
139,E.Kailua_Bay_1,KAELEPULU,Marine,Ocean,Marine,21.398473,-157.724751,0,494,0,KAI,KAI,4,KAELEPULU_4,KAI,10,KAELEPULU_10,KAELEPULU_KAI,3.Urban_KAELEPULU_10
140,E.Kailua_Bay_2,KAELEPULU,Marine,Ocean,Marine,21.398633,-157.724193,0,494,0,KAI,KAI,4,KAELEPULU_4,KAI,10,KAELEPULU_10,KAELEPULU_KAI,3.Urban_KAELEPULU_10
141,E.Kailua_Bay_CoralReef,KAELEPULU,Marine,Ocean,Marine,21.399032,-157.723335,0,494,0,KAI,KAI,4,KAELEPULU_4,KAI,10,KAELEPULU_10,KAELEPULU_KAI,3.Urban_KAELEPULU_10
142,Hamakua,KAELEPULU,Freshwater,Marsh,Freshwater,21.3908653,-157.74299,0.9,494,0.001821862,MAKAI,MAKAI,2,KAELEPULU_2,MAKAI,7,KAELEPULU_7,KAELEPULU_MAKAI,3.Urban_KAELEPULU_7
143,Waiawia,KAELEPULU,Freshwater,Marsh,Freshwater,21.3933125,-157.74568,0.6,494,0.001214575,MAKAI,MAKAI,1,KAELEPULU_1,MAKAI,7,KAELEPULU_7,KAELEPULU_MAKAI,3.Urban_KAELEPULU_7
144,3rd_Loi_3rd_Row,KALAUAO,Agriculture,Loi,Freshwater,21.383916,-157.941476,5.6,856,0.006542056,MAKAI,MAKAI,2,KALAUAO_2,MAKAI,7,KALAUAO_7,KALAUAO_MAKAI,3.Urban_KALAUAO_7
145,Kaonohi_auwai,KALAUAO,Agriculture,Loi,Freshwater,21.383889,-157.941337,5.5,856,0.006425234,MAKAI,MAKAI,2,KALAUAO_2,MAKAI,7,KALAUAO_7,KALAUAO_MAKAI,3.Urban_KALAUAO_7
146,Kaonohi_Hoi,KALAUAO,Agriculture,Loi,Freshwater,21.383532,-157.941708,3.9,856,0.004556075,MAKAI,MAKAI,8,KALAUAO_8,MAKAI,8,KALAUAO_8,KALAUAO_MAKAI,3.Urban_KALAUAO_8
147,Kopakaweli,KALAUAO,Freshwater,Spring,Freshwater,21.384061,-157.941067,5.7,856,0.006658879,MAKAI,MAKAI,1,KALAUAO_1,MAKAI,7,KALAUAO_7,KALAUAO_MAKAI,3.Urban_KALAUAO_7
148,Loi_2nd_Row_3rd_Loi,KALAUAO,Agriculture,Loi,Freshwater,21.3839552,-157.9414203,5.7,856,0.006658879,MAKAI,MAKAI,2,KALAUAO_2,MAKAI,7,KALAUAO_7,KALAUAO_MAKAI,3.Urban_KALAUAO_7
149,Loi_Kuahiwi,KALAUAO,Agriculture,Loi,Freshwater,21.383866,-157.941639,5.1,856,0.005957944,MAKAI,MAKAI,3,KALAUAO_3,MAKAI,7,KALAUAO_7,KALAUAO_MAKAI,3.Urban_KALAUAO_7
150,Puna,KALAUAO,Freshwater,Spring,Freshwater,21.384027,-157.940901,5.1,856,0.005957944,MAKAI,MAKAI,3,KALAUAO_3,MAKAI,7,KALAUAO_7,KALAUAO_MAKAI,3.Urban_KALAUAO_7
151,Small_Kuahiwi,KALAUAO,Agriculture,Loi,Freshwater,21.383784,-157.941755,4.4,856,0.005140187,MAKAI,MAKAI,7,KALAUAO_7,MAKAI,8,KALAUAO_8,KALAUAO_MAKAI,3.Urban_KALAUAO_8
152,Sumida.A2,KALAUAO,Freshwater,Watercress,Freshwater,21.3833037,-157.944646,5,856,0.005841121,MAKAI,MAKAI,20,KALAUAO_20,MAKAI,9,KALAUAO_9,KALAUAO_MAKAI,3.Urban_KALAUAO_9
153,Sumida.B1,KALAUAO,Freshwater,Watercress,Freshwater,21.383089,-157.9446433,4.6,856,0.005373832,MAKAI,MAKAI,24,KALAUAO_24,MAKAI,9,KALAUAO_9,KALAUAO_MAKAI,3.Urban_KALAUAO_9
154,Sumida.B2,KALAUAO,Freshwater,Watercress,Freshwater,21.3832563,-157.9445521,4.9,856,0.005724299,MAKAI,MAKAI,21,KALAUAO_21,MAKAI,9,KALAUAO_9,KALAUAO_MAKAI,3.Urban_KALAUAO_9
155,Sumida.ctywtrwashtub,KALAUAO,Freshwater,Watercress,Freshwater,21.3825432,-157.9434,2.7,856,0.003154206,MAKAI,MAKAI,25,KALAUAO_25,MAKAI,9,KALAUAO_9,KALAUAO_MAKAI,3.Urban_KALAUAO_9
156,Sumida.D4,KALAUAO,Freshwater,Watercress,Freshwater,21.383546,-157.9441391,4.3,856,0.005023364,MAKAI,MAKAI,18,KALAUAO_18,MAKAI,9,KALAUAO_9,KALAUAO_MAKAI,3.Urban_KALAUAO_9
157,Sumida.F2,KALAUAO,Freshwater,Watercress,Freshwater,21.383084,-157.9441364,4,856,0.004672897,MAKAI,MAKAI,22,KALAUAO_22,MAKAI,9,KALAUAO_9,KALAUAO_MAKAI,3.Urban_KALAUAO_9
158,Sumida.F3,KALAUAO,Freshwater,Watercress,Freshwater,21.3832638,-157.9440372,4,856,0.004672897,MAKAI,MAKAI,19,KALAUAO_19,MAKAI,9,KALAUAO_9,KALAUAO_MAKAI,3.Urban_KALAUAO_9
159,Sumida.J3,KALAUAO,Freshwater,Watercress,Freshwater,21.3830365,-157.9436295,3.6,856,0.004205607,MAKAI,MAKAI,23,KALAUAO_23,MAKAI,9,KALAUAO_9,KALAUAO_MAKAI,3.Urban_KALAUAO_9
160,Sumida.Makai_Sump_Pump,KALAUAO,Freshwater,Watercress,Freshwater,21.382477,-157.9435705,2.7,856,0.003154206,MAKAI,MAKAI,27,KALAUAO_27,MAKAI,9,KALAUAO_9,KALAUAO_MAKAI,3.Urban_KALAUAO_9
161,Sumida.Mauka_Spring,KALAUAO,Freshwater,Watercress,Freshwater,21.3840131,-157.9424922,5,856,0.005841121,MAKAI,MAKAI,9,KALAUAO_9,MAKAI,9,KALAUAO_9,KALAUAO_MAKAI,3.Urban_KALAUAO_9
162,Sumida.Middle_Spring,KALAUAO,Freshwater,Watercress,Freshwater,21.3828915,-157.9430409,3,856,0.003504673,MAKAI,MAKAI,17,KALAUAO_17,MAKAI,9,KALAUAO_9,KALAUAO_MAKAI,3.Urban_KALAUAO_9
163,Sumida.P8,KALAUAO,Freshwater,Watercress,Freshwater,21.3837956,-157.942381,4.2,856,0.004906542,MAKAI,MAKAI,10,KALAUAO_10,MAKAI,9,KALAUAO_9,KALAUAO_MAKAI,3.Urban_KALAUAO_9
164,Sumida.Q8,KALAUAO,Freshwater,Watercress,Freshwater,21.3837632,-157.9422898,4.1,856,0.00478972,MAKAI,MAKAI,11,KALAUAO_11,MAKAI,9,KALAUAO_9,KALAUAO_MAKAI,3.Urban_KALAUAO_9
165,Sumida.R7,KALAUAO,Freshwater,Watercress,Freshwater,21.383366,-157.9423837,3.6,856,0.004205607,MAKAI,MAKAI,16,KALAUAO_16,MAKAI,9,KALAUAO_9,KALAUAO_MAKAI,3.Urban_KALAUAO_9
166,Sumida.S8,KALAUAO,Freshwater,Watercress,Freshwater,21.3835434,-157.9421691,3.7,856,0.00432243,MAKAI,MAKAI,13,KALAUAO_13,MAKAI,9,KALAUAO_9,KALAUAO_MAKAI,3.Urban_KALAUAO_9
167,Sumida.S8/S9,KALAUAO,Freshwater,Watercress,Freshwater,21.3836183,-157.9420699,3.7,856,0.00432243,MAKAI,MAKAI,12,KALAUAO_12,MAKAI,9,KALAUAO_9,KALAUAO_MAKAI,3.Urban_KALAUAO_9
168,Sumida.sprwashtub,KALAUAO,Freshwater,Watercress,Freshwater,21.3825432,-157.9434,2.7,856,0.003154206,MAKAI,MAKAI,26,KALAUAO_26,MAKAI,9,KALAUAO_9,KALAUAO_MAKAI,3.Urban_KALAUAO_9
169,Sumida.U7,KALAUAO,Freshwater,Watercress,Freshwater,21.383356,-157.9420109,3.3,856,0.00385514,MAKAI,MAKAI,15,KALAUAO_15,MAKAI,9,KALAUAO_9,KALAUAO_MAKAI,3.Urban_KALAUAO_9
170,Sumida.U8_Channel,KALAUAO,Freshwater,Watercress,Freshwater,21.3835009,-157.9418687,3.7,856,0.00432243,MAKAI,MAKAI,14,KALAUAO_14,MAKAI,9,KALAUAO_9,KALAUAO_MAKAI,3.Urban_KALAUAO_9
171,Hookuaaina,KAWAINUI,Agriculture,Loi,Freshwater,21.3734409,-157.7646653,8.1,939,0.008626198,MAKAI,MAKAI,5,KAWAINUI_5,MAKAI,8,KAWAINUI_8,KAWAINUI_MAKAI,3.Urban_KAWAINUI_8
172,Kaha,KAWAINUI,Freshwater,Stream,Freshwater,21.4067519,-157.75613,0.1,939,0.000106496,MAKAI,MAKAI,9,KAWAINUI_9,MAKAI,9,KAWAINUI_9,KAWAINUI_MAKAI,3.Urban_KAWAINUI_9
173,Kahanaiki_stream,KAWAINUI,Freshwater,Stream,Freshwater,21.373347,-157.76777,22,939,0.02342918,MID.2,MAKAI,5,KAWAINUI_5,MAKAI,8,KAWAINUI_8,KAWAINUI_MAKAI,3.Urban_KAWAINUI_8
174,Kaleos_House,KAWAINUI,Freshwater,Stream,Freshwater,21.3647236,-157.77203,65.5,939,0.069755059,MID.2,MID.2,4,KAWAINUI_4,KALA,6,KAWAINUI_6,KAWAINUI_KALA,3.Urban_KAWAINUI_6
175,Kapaa_Quary_Spring,KAWAINUI,Freshwater,Spring,Freshwater,21.4037143,-157.76689,6.3,939,0.006709265,MAKAI,MAKAI,8,KAWAINUI_8,MAKAI,8,KAWAINUI_8,KAWAINUI_MAKAI,3.Urban_KAWAINUI_8
176,Mauka_Kawainui,KAWAINUI,Freshwater,Stream,Freshwater,21.4037143,-157.76689,6.3,939,0.006709265,MAKAI,MAKAI,8,KAWAINUI_8,MAKAI,8,KAWAINUI_8,KAWAINUI_MAKAI,3.Urban_KAWAINUI_8
177,Mauka_Lunahai,KAWAINUI,Freshwater,Stream,Freshwater,21.3638643,-157.77507,98.1,939,0.104472843,MID.2,MID.2,3,KAWAINUI_3,KALA,5,KAWAINUI_5,KAWAINUI_KALA,3.Urban_KAWAINUI_5
178,Maunawili_Falls_Trailhead,KAWAINUI,Freshwater,Stream,Freshwater,21.3589046,-157.76194,38,939,0.040468584,MAKAI,MAKAI,2,KAWAINUI_2,MAKAI,7,KAWAINUI_7,KAWAINUI_MAKAI,3.Urban_KAWAINUI_7
179,Mokapu_Outlet,KAWAINUI,Brackish,Muliwai,Brackish,21.4250181,-157.74137,0,939,0,MAKAI,MAKAI,11,KAWAINUI_11,MAKAI,9,KAWAINUI_9,KAWAINUI_MAKAI,3.Urban_KAWAINUI_9
180,Pikoakea,KAWAINUI,Freshwater,Spring,Freshwater,21.3477467,-157.77321,144.9,939,0.154313099,MID.2,MID.2,1,KAWAINUI_1,KALA,5,KAWAINUI_5,KAWAINUI_KALA,3.Urban_KAWAINUI_5
181,Sherines_House,KAWAINUI,Freshwater,Stream,Freshwater,21.4135332,-157.75076,0.4,939,0.000425985,MAKAI,MAKAI,10,KAWAINUI_10,MAKAI,9,KAWAINUI_9,KAWAINUI_MAKAI,3.Urban_KAWAINUI_9
182,W.Kailua_Bay_1,KAWAINUI,Marine,Ocean,Marine,21.423804,-157.740415,0,939,0,KAI,KAI,12,KAWAINUI_12,KAI,11,KAWAINUI_11,KAWAINUI_KAI,3.Urban_KAWAINUI_11
183,W.Kailua_Bay_2,KAWAINUI,Marine,Ocean,Marine,21.422126,-157.738956,0,939,0,KAI,KAI,12,KAWAINUI_12,KAI,11,KAWAINUI_11,KAWAINUI_KAI,3.Urban_KAWAINUI_11
184,W.Kailua_Bay_CoralReef,KAWAINUI,Marine,Ocean,Marine,21.422206,-157.739557,0,939,0,KAI,KAI,12,KAWAINUI_12,KAI,11,KAWAINUI_11,KAWAINUI_KAI,3.Urban_KAWAINUI_11
185,Ulupo.Hoi,KAWAINUI,Agriculture,Loi,Freshwater,21.38656,-157.75283,16.7,939,0.017784878,MAKAI,MAKAI,6,KAWAINUI_6,MAKAI,8,KAWAINUI_8,KAWAINUI_MAKAI,3.Urban_KAWAINUI_8
186,Ulupo.Kawainui,KAWAINUI,Freshwater,Marsh,Freshwater,21.3875796,-157.7528725,3.2,939,0.003407881,MAKAI,MAKAI,7,KAWAINUI_7,MAKAI,8,KAWAINUI_8,KAWAINUI_MAKAI,3.Urban_KAWAINUI_8
187,Ulupo.Kawainui_pipe,KAWAINUI,Agriculture,Loi,Freshwater,21.38735,-157.75247,8.6,939,0.009158679,MAKAI,MAKAI,7,KAWAINUI_7,MAKAI,8,KAWAINUI_8,KAWAINUI_MAKAI,3.Urban_KAWAINUI_8
188,Ulupo.Spring,KAWAINUI,Freshwater,Spring,Freshwater,21.3862,-157.75287,22.9,939,0.024387646,MAKAI,MAKAI,6,KAWAINUI_6,MAKAI,8,KAWAINUI_8,KAWAINUI_MAKAI,3.Urban_KAWAINUI_8
189,Ulupo.Stream,KAWAINUI,Agriculture,Loi,Freshwater,21.3860868,-157.7525908,22.4,939,0.023855165,MAKAI,MAKAI,6,KAWAINUI_6,MAKAI,8,KAWAINUI_8,KAWAINUI_MAKAI,3.Urban_KAWAINUI_8
190,Waimanalo_Site_1,WAIMANALO,Agriculture,Loi,Freshwater,21.342669,-157.7511174,152.9,785,0.19477707,MID.2,MID.1,1,WAIMANALO_1,KALA,5,WAIMANALO_5,WAIMANALO_KALA,3.Urban_WAIMANALO_5
191,Waimanalo_Site_2,WAIMANALO,Freshwater,Stream,Freshwater,21.329049,-157.6971254,5.8,785,0.007388535,MAKAI,MAKAI,2,WAIMANALO_2,MAKAI,7,WAIMANALO_7,WAIMANALO_MAKAI,3.Urban_WAIMANALO_7
192,Waimanalo_Site_4,WAIMANALO,Freshwater,Stream,Freshwater,21.3295133,-157.6915506,1.1,785,0.001401274,MAKAI,MAKAI,3,WAIMANALO_3,MAKAI,7,WAIMANALO_7,WAIMANALO_MAKAI,3.Urban_WAIMANALO_7
193,C_MAIKI_Site_5,WAIMEA,Freshwater,Stream,Freshwater,21.63696,-158.05855,6,710,0.008450704,MAKAI,MAKAI,4,WAIMEA_4,MAKAI,8,WAIMEA_8,WAIMEA_MAKAI,3.Urban_WAIMEA_8
194,C-MAIKI_Site_4,WAIMEA,Freshwater,Stream,Freshwater,21.633386,-158.05233,21.1,710,0.02971831,MAKAI,MAKAI,6,WAIMEA_6,MAKAI,8,WAIMEA_8,WAIMEA_MAKAI,1.Pristine_WAIMEA_8
195,Waimea_1,WAIMEA,Freshwater,Stream,Freshwater,21.640625,-158.063729,0.4,710,0.00056338,MAKAI,MAKAI,1,WAIMEA_1,MAKAI,7,WAIMEA_7,WAIMEA_MAKAI,3.Urban_WAIMEA_7
196,Waimea_10,WAIMEA,Freshwater,Stream,Freshwater,21.629171,-158.041217,61.9,710,0.087183099,MID.2,MID.2,10,WAIMEA_10,KALA,6,WAIMEA_6,WAIMEA_KALA,1.Pristine_WAIMEA_6
197,Waimea_11,WAIMEA,Freshwater,Stream,Freshwater,21.630408,-158.039886,65.3,710,0.091971831,MID.2,MID.2,11,WAIMEA_11,KALA,6,WAIMEA_6,WAIMEA_KALA,1.Pristine_WAIMEA_6
198,Waimea_2,WAIMEA,Freshwater,Stream,Freshwater,21.6409,-158.062922,0.3,710,0.000422535,MAKAI,MAKAI,2,WAIMEA_2,MAKAI,7,WAIMEA_7,WAIMEA_MAKAI,3.Urban_WAIMEA_7
199,Waimea_3,WAIMEA,Freshwater,Stream,Freshwater,21.640836,-158.06251,0.1,710,0.000140845,MAKAI,MAKAI,3,WAIMEA_3,MAKAI,7,WAIMEA_7,WAIMEA_MAKAI,3.Urban_WAIMEA_7
200,Waimea_4,WAIMEA,Freshwater,Stream,Freshwater,21.637648,-158.057993,0.4,710,0.00056338,MAKAI,MAKAI,4,WAIMEA_4,MAKAI,8,WAIMEA_8,WAIMEA_MAKAI,3.Urban_WAIMEA_8
201,Waimea_5,WAIMEA,Freshwater,Stream,Freshwater,21.634053,-158.053844,12.4,710,0.017464789,MAKAI,MAKAI,5,WAIMEA_5,MAKAI,8,WAIMEA_8,WAIMEA_MAKAI,3.Urban_WAIMEA_8
202,Waimea_6,WAIMEA,Freshwater,Stream,Freshwater,21.633386,-158.05233,21.1,710,0.02971831,MAKAI,MAKAI,6,WAIMEA_6,MAKAI,8,WAIMEA_8,WAIMEA_MAKAI,1.Pristine_WAIMEA_8
203,Waimea_7,WAIMEA,Freshwater,Stream,Freshwater,21.630423,-158.044817,27.6,710,0.038873239,MAKAI,MAKAI,7,WAIMEA_7,MAKAI,8,WAIMEA_8,WAIMEA_MAKAI,1.Pristine_WAIMEA_8
204,Waimea_8,WAIMEA,Freshwater,Stream,Freshwater,21.630569,-158.044297,35.7,710,0.05028169,MID.2,MAKAI,8,WAIMEA_8,KALA,6,WAIMEA_6,WAIMEA_KALA,1.Pristine_WAIMEA_6
205,Waimea_9,WAIMEA,Freshwater,Stream,Freshwater,21.630329,-158.042548,55.9,710,0.078732394,MID.2,MID.2,9,WAIMEA_9,KALA,6,WAIMEA_6,WAIMEA_KALA,1.Pristine_WAIMEA_6
206,Waimea_Ocean_Site_M1D,WAIMEA,Marine,Ocean,Marine,21.63854,-158.0717,0,710,0,KAI,KAI,12,WAIMEA_12,KAI,11,WAIMEA_11,WAIMEA_KAI,1.Pristine_WAIMEA_11
207,Waimea_Ocean_Site_M1S,WAIMEA,Marine,Ocean,Marine,21.63854,-158.0717,0,710,0,KAI,KAI,12,WAIMEA_12,KAI,11,WAIMEA_11,WAIMEA_KAI,1.Pristine_WAIMEA_11
208,Waimea_Ocean_Site_M2D,WAIMEA,Marine,Ocean,Marine,21.63852,-158.07062,0,710,0,KAI,KAI,13,WAIMEA_13,KAI,12,WAIMEA_12,WAIMEA_KAI,1.Pristine_WAIMEA_12
209,Waimea_Ocean_Site_M2S,WAIMEA,Marine,Ocean,Marine,21.63852,-158.07062,0,710,0,KAI,KAI,13,WAIMEA_13,KAI,12,WAIMEA_12,WAIMEA_KAI,1.Pristine_WAIMEA_12
210,Cl_WHILF,KIHOLO,Freshwater,Groundwater,Freshwater,19.888611,-155.875833,69.3,1571,0.044112031,MID.2,MID.2,3,KIHOLO_3,KALA,6,KIHOLO_6,KIHOLO_MID,2.Aggriculture_KIHOLO_6
211,N1_MakaniGC,KIHOLO,Freshwater,Groundwater,Freshwater,19.820556,-155.841667,656.2,1571,0.417695735,MAUKA.3,MAUKA.2,2,KIHOLO_2,MAUKA,3,KIHOLO_3,KIHOLO_MAUKA,2.Aggriculture_KIHOLO_3
212,N1_Puulani,KIHOLO,Freshwater,Groundwater,Freshwater,19.813333,-155.833889,706.1,1571,0.449458943,MAUKA.3,MAUKA.2,2,KIHOLO_2,MAUKA,3,KIHOLO_3,KIHOLO_MAUKA,2.Aggriculture_KIHOLO_3
213,N1_Puuwaawaa,KIHOLO,Freshwater,Groundwater,Freshwater,19.779167,-155.841389,772,1571,0.491406747,MAUKA.3,MAUKA.2,1,KIHOLO_1,MAUKA,3,KIHOLO_3,KIHOLO_MAUKA,2.Aggriculture_KIHOLO_3
214,S_KukioHR5,KIHOLO,Freshwater,Groundwater,Freshwater,19.759722,-155.975833,459.3,1571,0.292361553,MID.1,MAUKA.2,2,KIHOLO_2,MAUKA,3,KIHOLO_3,KIHOLO_MAUKA,2.Aggriculture_KIHOLO_3
215,S_KukioHR3,KIHOLO,Freshwater,Groundwater,Freshwater,19.75666833,-155.98,461.4,1571,0.293698281,MID.1,MAUKA.2,2,KIHOLO_2,MAUKA,4,KIHOLO_4,KIHOLO_MAUKA,2.Aggriculture_KIHOLO_4
216,S_KukioHR4,KEAUHOU,Freshwater,Groundwater,Freshwater,19.745833,-155.982222,470.5,1571,0.29949077,MID.1,MAUKA.2,2,KEAUHOU_2,MAUKA,4,KEAUHOU_4,KEAUHOU_MAUKA,2.Aggriculture_KEAUHOU_4
217,S_KukioHR2,KEAUHOU,Freshwater,Groundwater,Freshwater,19.741667,-155.981944,475,1571,0.302355188,MID.1,MAUKA.2,2,KEAUHOU_2,MAUKA,4,KEAUHOU_4,KEAUHOU_MAUKA,2.Aggriculture_KEAUHOU_4
218,S_Makalei,KEAUHOU,Freshwater,Groundwater,Freshwater,19.7325,-155.978889,547.5,1571,0.348504137,MID.1,MAUKA.2,3,KEAUHOU_3,MAUKA,3,KEAUHOU_3,KEAUHOU_MAUKA,2.Aggriculture_KEAUHOU_3
219,N2_Kalaoa,KEAUHOU,Freshwater,Groundwater,Freshwater,19.718611,-155.975556,537.9,1571,0.34239338,MID.1,MAUKA.3,4,KEAUHOU_4,MAUKA,3,KEAUHOU_3,KEAUHOU_MAUKA,2.Aggriculture_KEAUHOU_3
220,N2_PalaniRanch,KEAUHOU,Freshwater,Groundwater,Freshwater,19.690288,-155.969143,511.6,1571,0.325652451,MID.1,MAUKA.3,5,KEAUHOU_5,MAUKA,3,KEAUHOU_3,KEAUHOU_MAUKA,2.Aggriculture_KEAUHOU_3
221,N2_Honokohau,KEAUHOU,Freshwater,Groundwater,Freshwater,19.682222,-155.964444,511.4,1571,0.325525143,MID.1,MAUKA.3,5,KEAUHOU_5,MAUKA,3,KEAUHOU_3,KEAUHOU_MAUKA,2.Aggriculture_KEAUHOU_3
222,N2_QLT,KEAUHOU,Freshwater,Groundwater,Freshwater,19.667632,-155.9582335,517.8,1571,0.329598982,MID.1,MAUKA.3,6,KEAUHOU_6,MAUKA,3,KEAUHOU_3,KEAUHOU_MAUKA,2.Aggriculture_KEAUHOU_3
223,N2_Keopu,KEAUHOU,Freshwater,Groundwater,Freshwater,19.650278,-155.952222,494.4,1571,0.31470401,MID.1,MAUKA.3,6,KEAUHOU_6,MAUKA,4,KEAUHOU_4,KEAUHOU_MAUKA,2.Aggriculture_KEAUHOU_4
224,N2_Holualoa,KEAUHOU,Freshwater,Groundwater,Freshwater,19.612778,-155.951944,337.3,1571,0.21470401,MID.1,MAUKA.3,7,KEAUHOU_7,MAUKA,4,KEAUHOU_4,KEAUHOU_MAUKA,2.Aggriculture_KEAUHOU_4
225,N3_KahaluuC,KEAUHOU,Freshwater,Groundwater,Freshwater,19.582778,-155.949444,254,1571,0.161680458,MID.2,MAUKA.3,8,KEAUHOU_8,KALA,4,KEAUHOU_4,KEAUHOU_KALA,2.Aggriculture_KEAUHOU_4
226,N3_KahaluuD,KEAUHOU,Freshwater,Groundwater,Freshwater,19.581389,-155.949167,263.4,1571,0.167663908,MID.2,MAUKA.3,8,KEAUHOU_8,KALA,4,KEAUHOU_4,KEAUHOU_KALA,2.Aggriculture_KEAUHOU_4
227,N3_KahaluuB,KEAUHOU,Freshwater,Groundwater,Freshwater,19.581667,-155.949722,254.9,1571,0.162253342,MID.2,MAUKA.3,8,KEAUHOU_8,KALA,4,KEAUHOU_4,KEAUHOU_KALA,2.Aggriculture_KEAUHOU_4
228,N3_KahaluuA,KEAUHOU,Freshwater,Groundwater,Freshwater,19.583056,-155.949722,253.5,1571,0.16136219,MID.2,MAUKA.3,8,KEAUHOU_8,KALA,4,KEAUHOU_4,KEAUHOU_KALA,2.Aggriculture_KEAUHOU_4
229,N3_KahaluuShaft,KEAUHOU,Freshwater,Groundwater,Freshwater,19.581356,-155.954122,178.3,1571,0.113494589,MID.2,MID.1,9,KEAUHOU_9,KALA,4,KEAUHOU_4,KEAUHOU_KALA,2.Aggriculture_KEAUHOU_4
230,Koholalele,KOHOLALELE,Marine,Ocean,Marine,20.0486243,-155.3506723,3.9,1964,0.001985743,MAKAI,MAKAI,3,KOHOLALELE_3,MAKAI,7,KOHOLALELE_7,KOHOLALELE_MAKAI,3.Urban_KOHOLALELE_7
231,Lepelau,KOHOLALELE,Freshwater,Stream,Freshwater,20.0212343,-155.3598134,417.6,1964,0.212627291,MID.1,MAUKA.3,1,KOHOLALELE_1,MAUKA,3,KOHOLALELE_3,KOHOLALELE_MAUKA,3.Urban_KOHOLALELE_3