x,id,location,date,time,date_time,season,year,season_year
1,Waimanalo_Site_1_1,Waimanalo_Site_1,1/1/00,,1,,,
2,Waimanalo_Site_2_1,Waimanalo_Site_2,1/1/00,,1,,,
3,Waimanalo_Site_4_1,Waimanalo_Site_4,1/1/00,,1,,,
4,Bayfront_42569,Bayfront,7/18/16,8:04 AM,42569.33611,SUMMER,2016,SUMMER_2016
5,Honolii_42569,Honolii,7/18/16,7:30 AM,42569.3125,SUMMER,2016,SUMMER_2016
6,Onekahakaha_42569,Onekahakaha,7/18/16,8:31 AM,42569.35486,SUMMER,2016,SUMMER_2016
7,Richardson_42569,Richardson,7/18/16,8:55 AM,42569.37153,SUMMER,2016,SUMMER_2016
8,Hookuaaina_42581,Hookuaaina,7/30/16,,42581,SUMMER,2016,SUMMER_2016
9,Bayfront_42892,Bayfront,6/6/17,7:55 AM,42892.32986,SUMMER,2017,SUMMER_2017
10,Honolii_42892,Honolii,6/6/17,7:26 AM,42892.30972,SUMMER,2017,SUMMER_2017
11,Onekahakaha_42892,Onekahakaha,6/6/17,8:21 AM,42892.34792,SUMMER,2017,SUMMER_2017
12,Richardson_42892,Richardson,6/6/17,8:40 AM,42892.36111,SUMMER,2017,SUMMER_2017
13,Bayfront_42900,Bayfront,6/14/17,8:50 AM,42900.36806,SUMMER,2017,SUMMER_2017
14,Honolii_42900,Honolii,6/14/17,7:25 AM,42900.30903,SUMMER,2017,SUMMER_2017
15,Onekahakaha_42900,Onekahakaha,6/14/17,8:06 AM,42900.3375,SUMMER,2017,SUMMER_2017
16,Richardson_42900,Richardson,6/14/17,8:22 AM,42900.34861,SUMMER,2017,SUMMER_2017
17,Bayfront_42915,Bayfront,6/29/17,7:19 AM,42915.30486,SUMMER,2017,SUMMER_2017
18,Honolii_42915,Honolii,6/29/17,6:47 AM,42915.28264,SUMMER,2017,SUMMER_2017
19,Onekahakaha_42915,Onekahakaha,6/29/17,7:21 AM,42915.30625,SUMMER,2017,SUMMER_2017
20,Richardson_42915,Richardson,6/29/17,7:02 AM,42915.29306,SUMMER,2017,SUMMER_2017
21,Kahua_Waipunalau_42948,Kahua_Waipunalau,8/1/17,12:00 AM,42948,SUMMER,2017,SUMMER_2017
22,Waipunalau_Paauilo_42948,Waipunalau_Paauilo,8/1/17,12:00 AM,42948,SUMMER,2017,SUMMER_2017
23,Waipunalau_Pakii_42948,Waipunalau_Pakii,8/1/17,12:00 AM,42948,SUMMER,2017,SUMMER_2017
24,Waihalulu_42952,Waihalulu,8/5/17,12:00 AM,42952,SUMMER,2017,SUMMER_2017
25,Puhi_Bay_43055,Puhi_Bay,11/16/17,7:15 AM,43055.30208,WINTER,2017,WINTER_2017
26,Reeds_Bay_43055,Reeds_Bay,11/16/17,7:36 AM,43055.31667,WINTER,2017,WINTER_2017
27,Kalapahapuu_43068,Kalapahapuu,11/29/17,12:00 AM,43068,WINTER,2017,WINTER_2017
28,Lepelau_43068,Lepelau,11/29/17,12:00 AM,43068,WINTER,2017,WINTER_2017
29,Lepelau_43075,Lepelau,12/6/17,12:00 AM,43075,WINTER,2017,WINTER_2017
30,Puhi_Bay_43076,Puhi_Bay,12/7/17,7:03 AM,43076.29375,WINTER,2017,WINTER_2017
31,Reeds_Bay_43076,Reeds_Bay,12/7/17,6:54 AM,43076.2875,WINTER,2017,WINTER_2017
32,3rd_Loi_3rd_Row_43103,3rd_Loi_3rd_Row,1/3/18,,43103,WINTER,2018,WINTER_2017
33,Kopakaweli_43103,Kopakaweli,1/3/18,,43103,WINTER,2018,WINTER_2017
34,Loi_2nd_Row_3rd_Loi_43103,Loi_2nd_Row_3rd_Loi,1/3/18,,43103,WINTER,2018,WINTER_2017
35,Loi_Kuahiwi_43103,Loi_Kuahiwi,1/3/18,,43103,WINTER,2018,WINTER_2017
36,Papahana.AUWAI_43103,Papahana.AUWAI,1/3/18,,43103,WINTER,2018,WINTER_2017
37,Papahana.HOI_43103,Papahana.HOI,1/3/18,,43103,WINTER,2018,WINTER_2017
38,Puna_43103,Puna,1/3/18,,43103,WINTER,2018,WINTER_2017
39,Small_Kuahiwi_43103,Small_Kuahiwi,1/3/18,,43103,WINTER,2018,WINTER_2017
40,Puhi_Bay_43124,Puhi_Bay,1/24/18,7:34 AM,43124.31574,WINTER,2018,WINTER_2017
41,Reeds_Bay_43124,Reeds_Bay,1/24/18,7:20 AM,43124.30556,WINTER,2018,WINTER_2017
42,Puhi_Bay_43152,Puhi_Bay,2/21/18,8:21 AM,43152.34792,WINTER,2018,WINTER_2017
43,Reeds_Bay_43152,Reeds_Bay,2/21/18,8:36 AM,43152.35833,WINTER,2018,WINTER_2017
44,Ulupo.Stream_43158,Ulupo.Stream,2/27/18,,43158,WINTER,2018,WINTER_2017
45,Puhi_Bay_43159,Puhi_Bay,2/28/18,7:55 AM,43159.32986,WINTER,2018,WINTER_2017
46,Reeds_Bay_43159,Reeds_Bay,2/28/18,7:35 AM,43159.31597,WINTER,2018,WINTER_2017
47,Waimea_4_43165,Waimea_4,3/6/18,,43165,SPRING,2018,SPRING_2018
48,Waimea_5_43165,Waimea_5,3/6/18,,43165,SPRING,2018,SPRING_2018
49,Waimea_6_43165,Waimea_6,3/6/18,,43165,SPRING,2018,SPRING_2018
50,Waimea_7_43165,Waimea_7,3/6/18,,43165,SPRING,2018,SPRING_2018
51,Onekahakaha_43166,Onekahakaha,3/7/18,7:26 AM,43166.30972,SPRING,2018,SPRING_2018
52,Richardson_43166,Richardson,3/7/18,7:06 AM,43166.29583,SPRING,2018,SPRING_2018
53,Bayfront_43180,Bayfront,3/21/18,7:50 AM,43180.32639,SPRING,2018,SPRING_2018
54,Honolii_43180,Honolii,3/21/18,8:05 AM,43180.33681,SPRING,2018,SPRING_2018
55,Puhi_Bay_43194,Puhi_Bay,4/4/18,7:40 AM,43194.31944,SPRING,2018,SPRING_2018
56,Reeds_Bay_43194,Reeds_Bay,4/4/18,7:20 AM,43194.30556,SPRING,2018,SPRING_2018
57,Onekahakaha_43201,Onekahakaha,4/11/18,7:26 AM,43201.30972,SPRING,2018,SPRING_2018
58,Richardson_43201,Richardson,4/11/18,7:50 AM,43201.32639,SPRING,2018,SPRING_2018
59,Bayfront_43208,Bayfront,4/18/18,6:47 AM,43208.28264,SPRING,2018,SPRING_2018
60,Honolii_43208,Honolii,4/18/18,7:07 AM,43208.29653,SPRING,2018,SPRING_2018
61,Sumida.ctywtrwashtub_43222,Sumida.ctywtrwashtub,5/2/18,,43222,SPRING,2018,SPRING_2018
62,Sumida.Makai_Sump_Pump_43222,Sumida.Makai_Sump_Pump,5/2/18,,43222,SPRING,2018,SPRING_2018
63,Sumida.Mauka_Spring_43222,Sumida.Mauka_Spring,5/2/18,,43222,SPRING,2018,SPRING_2018
64,Sumida.Middle_Spring_43222,Sumida.Middle_Spring,5/2/18,,43222,SPRING,2018,SPRING_2018
65,Sumida.sprwashtub_43222,Sumida.sprwashtub,5/2/18,,43222,SPRING,2018,SPRING_2018
66,C_MAIKI_Site_5_43230,C_MAIKI_Site_5,5/10/18,,43230,SPRING,2018,SPRING_2018
67,Waimea_5_43230,Waimea_5,5/10/18,,43230,SPRING,2018,SPRING_2018
68,Waimea_6_43230,Waimea_6,5/10/18,,43230,SPRING,2018,SPRING_2018
69,Waimea_7_43230,Waimea_7,5/10/18,,43230,SPRING,2018,SPRING_2018
70,KapunaFarms.Hoiwai_43244,KapunaFarms.Hoiwai,5/24/18,,43244,SPRING,2018,SPRING_2018
71,KapunaFarms.Maluhia_Makawai_43244,KapunaFarms.Maluhia_Makawai,5/24/18,,43244,SPRING,2018,SPRING_2018
72,KapunaFarms.Poowai_43244,KapunaFarms.Poowai,5/24/18,,43244,SPRING,2018,SPRING_2018
73,KapunaFarms.tub_43244,KapunaFarms.tub,5/24/18,,43244,SPRING,2018,SPRING_2018
74,Sumida.F2_43261,Sumida.F2,6/10/18,,43261,SUMMER,2018,SUMMER_2018
75,Sumida.Makai_Sump_Pump_43261,Sumida.Makai_Sump_Pump,6/10/18,,43261,SUMMER,2018,SUMMER_2018
76,Sumida.Mauka_Spring_43261,Sumida.Mauka_Spring,6/10/18,,43261,SUMMER,2018,SUMMER_2018
77,Sumida.Middle_Spring_43261,Sumida.Middle_Spring,6/10/18,,43261,SUMMER,2018,SUMMER_2018
78,Sumida.P8_43261,Sumida.P8,6/10/18,,43261,SUMMER,2018,SUMMER_2018
79,Waimea_1_43276,Waimea_1,6/25/18,12:00 AM,43276,SUMMER,2018,SUMMER_2018
80,Waimea_2_43276,Waimea_2,6/25/18,12:00 AM,43276,SUMMER,2018,SUMMER_2018
81,Waimea_3_43276,Waimea_3,6/25/18,12:00 AM,43276,SUMMER,2018,SUMMER_2018
82,Waimea_4_43276,Waimea_4,6/25/18,12:00 AM,43276,SUMMER,2018,SUMMER_2018
83,Waimea_5_43276,Waimea_5,6/25/18,12:00 AM,43276,SUMMER,2018,SUMMER_2018
84,Waimea_6_43276,Waimea_6,6/25/18,12:00 AM,43276,SUMMER,2018,SUMMER_2018
85,Waimea_7_43276,Waimea_7,6/25/18,12:00 AM,43276,SUMMER,2018,SUMMER_2018
86,Waimea_8_43276,Waimea_8,6/25/18,12:00 AM,43276,SUMMER,2018,SUMMER_2018
87,Waimea_9_43276,Waimea_9,6/25/18,12:00 AM,43276,SUMMER,2018,SUMMER_2018
88,Waimea_10_43276,Waimea_10,6/25/18,12:00 AM,43276,SUMMER,2018,SUMMER_2018
89,Waimea_11_43276,Waimea_11,6/25/18,12:00 AM,43276,SUMMER,2018,SUMMER_2018
90,Waimea_1_43278,Waimea_1,6/27/18,12:00 AM,43278,SUMMER,2018,SUMMER_2018
91,Waimea_2_43278,Waimea_2,6/27/18,12:00 AM,43278,SUMMER,2018,SUMMER_2018
92,Waimea_3_43278,Waimea_3,6/27/18,12:00 AM,43278,SUMMER,2018,SUMMER_2018
93,Waimea_4_43278,Waimea_4,6/27/18,12:00 AM,43278,SUMMER,2018,SUMMER_2018
94,Waimea_5_43278,Waimea_5,6/27/18,12:00 AM,43278,SUMMER,2018,SUMMER_2018
95,Waimea_6_43278,Waimea_6,6/27/18,12:00 AM,43278,SUMMER,2018,SUMMER_2018
96,Waimea_7_43278,Waimea_7,6/27/18,12:00 AM,43278,SUMMER,2018,SUMMER_2018
97,Waimea_8_43278,Waimea_8,6/27/18,12:00 AM,43278,SUMMER,2018,SUMMER_2018
98,Waimea_9_43278,Waimea_9,6/27/18,12:00 AM,43278,SUMMER,2018,SUMMER_2018
99,Waimea_10_43278,Waimea_10,6/27/18,12:00 AM,43278,SUMMER,2018,SUMMER_2018
100,Waimea_11_43278,Waimea_11,6/27/18,12:00 AM,43278,SUMMER,2018,SUMMER_2018
101,Bayfront_43291,Bayfront,7/10/18,6:28 AM,43291.26944,SUMMER,2018,SUMMER_2018
102,Honolii_43291,Honolii,7/10/18,7:00 AM,43291.29167,SUMMER,2018,SUMMER_2018
103,Onekahakaha_43291,Onekahakaha,7/10/18,7:21 AM,43291.30625,SUMMER,2018,SUMMER_2018
104,Reeds_Bay_43291,Reeds_Bay,7/10/18,6:33 AM,43291.27292,SUMMER,2018,SUMMER_2018
105,Richardson_43291,Richardson,7/10/18,6:45 AM,43291.28125,SUMMER,2018,SUMMER_2018
106,Sumida.F3_43293,Sumida.F3,7/12/18,,43293,SUMMER,2018,SUMMER_2018
107,Sumida.Makai_Sump_Pump_43293,Sumida.Makai_Sump_Pump,7/12/18,,43293,SUMMER,2018,SUMMER_2018
108,Sumida.Mauka_Spring_43293,Sumida.Mauka_Spring,7/12/18,,43293,SUMMER,2018,SUMMER_2018
109,Sumida.Middle_Spring_43293,Sumida.Middle_Spring,7/12/18,,43293,SUMMER,2018,SUMMER_2018
110,Sumida.Q8_43293,Sumida.Q8,7/12/18,,43293,SUMMER,2018,SUMMER_2018
111,Bayfront_43298,Bayfront,7/17/18,6:12 AM,43298.25833,SUMMER,2018,SUMMER_2018
112,Honolii_43298,Honolii,7/17/18,6:42 AM,43298.27917,SUMMER,2018,SUMMER_2018
113,Onekahakaha_43298,Onekahakaha,7/17/18,6:14 AM,43298.25972,SUMMER,2018,SUMMER_2018
114,Reeds_Bay_43298,Reeds_Bay,7/17/18,7:09 AM,43298.29792,SUMMER,2018,SUMMER_2018
115,Richardson_43298,Richardson,7/17/18,6:54 AM,43298.2875,SUMMER,2018,SUMMER_2018
116,KKO_2_43305,KKO_2,7/24/18,,43305,SUMMER,2018,SUMMER_2018
117,KKO_3_43305,KKO_3,7/24/18,,43305,SUMMER,2018,SUMMER_2018
118,Bayfront_43305,Bayfront,7/24/18,7:24 AM,43305.30833,SUMMER,2018,SUMMER_2018
119,KKO_Bridge_43305,KKO_Bridge,7/24/18,,43305,SUMMER,2018,SUMMER_2018
120,KKO_Excavation_43305,KKO_Excavation,7/24/18,,43305,SUMMER,2018,SUMMER_2018
121,Honolii_43305,Honolii,7/24/18,6:15 AM,43305.26042,SUMMER,2018,SUMMER_2018
122,KKO_Muliwai_43305,KKO_Muliwai,7/24/18,,43305,SUMMER,2018,SUMMER_2018
123,Onekahakaha_43305,Onekahakaha,7/24/18,5:45 AM,43305.23958,SUMMER,2018,SUMMER_2018
124,Reeds_Bay_43305,Reeds_Bay,7/24/18,7:00 AM,43305.29167,SUMMER,2018,SUMMER_2018
125,Richardson_43305,Richardson,7/24/18,6:40 AM,43305.27778,SUMMER,2018,SUMMER_2018
126,KKO_Sulfur_43305,KKO_Sulfur,7/24/18,,43305,SUMMER,2018,SUMMER_2018
127,Bayfront_43311,Bayfront,7/30/18,7:20 AM,43311.30556,SUMMER,2018,SUMMER_2018
128,Honolii_43311,Honolii,7/30/18,6:18 AM,43311.2625,SUMMER,2018,SUMMER_2018
129,Onekahakaha_43311,Onekahakaha,7/30/18,5:54 AM,43311.24583,SUMMER,2018,SUMMER_2018
130,Reeds_Bay_43311,Reeds_Bay,7/30/18,6:54 AM,43311.2875,SUMMER,2018,SUMMER_2018
131,Richardson_43311,Richardson,7/30/18,6:36 AM,43311.275,SUMMER,2018,SUMMER_2018
132,C-MAIKI_Site_4_43312,C-MAIKI_Site_4,7/31/18,,43312,SUMMER,2018,SUMMER_2018
133,Bayfront_43326,Bayfront,8/14/18,7:14 AM,43326.30139,SUMMER,2018,SUMMER_2018
134,Honolii_43326,Honolii,8/14/18,5:57 AM,43326.24792,SUMMER,2018,SUMMER_2018
135,Onekahakaha_43326,Onekahakaha,8/14/18,5:35 AM,43326.23264,SUMMER,2018,SUMMER_2018
136,Reeds_Bay_43326,Reeds_Bay,8/14/18,6:30 AM,43326.27083,SUMMER,2018,SUMMER_2018
137,Richardson_43326,Richardson,8/14/18,6:11 AM,43326.25764,SUMMER,2018,SUMMER_2018
138,Bayfront_43327,Bayfront,8/15/18,6:48 AM,43327.28333,SUMMER,2018,SUMMER_2018
139,Honolii_43327,Honolii,8/15/18,6:10 AM,43327.25694,SUMMER,2018,SUMMER_2018
140,Onekahakaha_43327,Onekahakaha,8/15/18,5:45 AM,43327.23958,SUMMER,2018,SUMMER_2018
141,Reeds_Bay_43327,Reeds_Bay,8/15/18,6:50 AM,43327.28472,SUMMER,2018,SUMMER_2018
142,Richardson_43327,Richardson,8/15/18,6:24 AM,43327.26667,SUMMER,2018,SUMMER_2018
143,Bayfront_43340,Bayfront,8/28/18,7:08 AM,43340.29722,SUMMER,2018,SUMMER_2018
144,Honolii_43340,Honolii,8/28/18,6:15 AM,43340.26042,SUMMER,2018,SUMMER_2018
145,Onekahakaha_43340,Onekahakaha,8/28/18,5:55 AM,43340.24653,SUMMER,2018,SUMMER_2018
146,Reeds_Bay_43340,Reeds_Bay,8/28/18,6:44 AM,43340.28056,SUMMER,2018,SUMMER_2018
147,Richardson_43340,Richardson,8/28/18,6:28 AM,43340.26944,SUMMER,2018,SUMMER_2018
148,Sumida.A2_43340,Sumida.A2,8/28/18,,43340,SUMMER,2018,SUMMER_2018
149,Sumida.B1_43340,Sumida.B1,8/28/18,,43340,SUMMER,2018,SUMMER_2018
150,Sumida.Makai_Sump_Pump_43340,Sumida.Makai_Sump_Pump,8/28/18,,43340,SUMMER,2018,SUMMER_2018
151,Sumida.Mauka_Spring_43340,Sumida.Mauka_Spring,8/28/18,,43340,SUMMER,2018,SUMMER_2018
152,Sumida.Middle_Spring_43340,Sumida.Middle_Spring,8/28/18,,43340,SUMMER,2018,SUMMER_2018
153,Sumida.B2_43362,Sumida.B2,9/19/18,,43362,FALL,2018,FALL_2018
154,Sumida.Makai_Sump_Pump_43362,Sumida.Makai_Sump_Pump,9/19/18,,43362,FALL,2018,FALL_2018
155,Sumida.Mauka_Spring_43362,Sumida.Mauka_Spring,9/19/18,,43362,FALL,2018,FALL_2018
156,Sumida.Middle_Spring_43362,Sumida.Middle_Spring,9/19/18,,43362,FALL,2018,FALL_2018
157,Sumida.P8_43362,Sumida.P8,9/19/18,,43362,FALL,2018,FALL_2018
158,Bayfront_43367,Bayfront,9/24/18,7:02 AM,43367.29306,FALL,2018,FALL_2018
159,Honolii_43367,Honolii,9/24/18,6:13 AM,43367.25903,FALL,2018,FALL_2018
160,Onekahakaha_43367,Onekahakaha,9/24/18,5:49 AM,43367.24236,FALL,2018,FALL_2018
161,Reeds_Bay_43367,Reeds_Bay,9/24/18,6:45 AM,43367.28125,FALL,2018,FALL_2018
162,Richardson_43367,Richardson,9/24/18,6:30 AM,43367.27083,FALL,2018,FALL_2018
163,Bayfront_43375,Bayfront,10/2/18,7:03 AM,43375.29375,FALL,2018,FALL_2018
164,Honolii_43375,Honolii,10/2/18,5:20 AM,43375.22222,FALL,2018,FALL_2018
165,Onekahakaha_43375,Onekahakaha,10/2/18,5:47 AM,43375.24097,FALL,2018,FALL_2018
166,Reeds_Bay_43375,Reeds_Bay,10/2/18,6:36 AM,43375.275,FALL,2018,FALL_2018
167,Richardson_43375,Richardson,10/2/18,6:17 AM,43375.26181,FALL,2018,FALL_2018
168,Bayfront_43388,Bayfront,10/15/18,6:56 AM,43388.28889,FALL,2018,FALL_2018
169,Honolii_43388,Honolii,10/15/18,6:13 AM,43388.25903,FALL,2018,FALL_2018
170,Onekahakaha_43388,Onekahakaha,10/15/18,5:51 AM,43388.24375,FALL,2018,FALL_2018
171,Reeds_Bay_43388,Reeds_Bay,10/15/18,6:43 AM,43388.27986,FALL,2018,FALL_2018
172,Richardson_43388,Richardson,10/15/18,6:28 AM,43388.26944,FALL,2018,FALL_2018
173,Sumida.F2_43389,Sumida.F2,10/16/18,,43389,FALL,2018,FALL_2018
174,Sumida.Makai_Sump_Pump_43389,Sumida.Makai_Sump_Pump,10/16/18,,43389,FALL,2018,FALL_2018
175,Sumida.Mauka_Spring_43389,Sumida.Mauka_Spring,10/16/18,,43389,FALL,2018,FALL_2018
176,Sumida.Middle_Spring_43389,Sumida.Middle_Spring,10/16/18,,43389,FALL,2018,FALL_2018
177,Sumida.S8/S9_43389,Sumida.S8/S9,10/16/18,,43389,FALL,2018,FALL_2018
178,Bayfront_43396,Bayfront,10/23/18,7:06 AM,43396.29583,FALL,2018,FALL_2018
179,Honolii_43396,Honolii,10/23/18,6:13 AM,43396.25903,FALL,2018,FALL_2018
180,Onekahakaha_43396,Onekahakaha,10/23/18,5:49 AM,43396.24236,FALL,2018,FALL_2018
181,Reeds_Bay_43396,Reeds_Bay,10/23/18,6:42 AM,43396.27917,FALL,2018,FALL_2018
182,Richardson_43396,Richardson,10/23/18,6:25 AM,43396.26736,FALL,2018,FALL_2018
183,Waimea_Ocean_Site_M1D_43398,Waimea_Ocean_Site_M1D,10/25/18,,43398,FALL,2018,FALL_2018
184,Waimea_Ocean_Site_M1S_43398,Waimea_Ocean_Site_M1S,10/25/18,,43398,FALL,2018,FALL_2018
185,Waimea_Ocean_Site_M3D_43398,Waimea_Ocean_Site_M2D,10/25/18,,43398,FALL,2018,FALL_2018
186,Waimea_Ocean_Site_M3S_43398,Waimea_Ocean_Site_M2S,10/25/18,,43398,FALL,2018,FALL_2018
187,Bayfront_43409,Bayfront,11/5/18,7:01 AM,43409.29236,FALL,2018,FALL_2018
188,Honolii_43409,Honolii,11/5/18,6:05 AM,43409.25347,FALL,2018,FALL_2018
189,Onekahakaha_43409,Onekahakaha,11/5/18,5:46 AM,43409.24028,FALL,2018,FALL_2018
190,Reeds_Bay_43409,Reeds_Bay,11/5/18,6:42 AM,43409.27917,FALL,2018,FALL_2018
191,Richardson_43409,Richardson,11/5/18,7:20 AM,43409.30556,FALL,2018,FALL_2018
192,Bayfront_43416,Bayfront,11/12/18,6:18 AM,43416.2625,FALL,2018,FALL_2018
193,Honolii_43416,Honolii,11/12/18,6:58 AM,43416.29028,FALL,2018,FALL_2018
194,Onekahakaha_43416,Onekahakaha,11/12/18,7:00 AM,43416.29167,FALL,2018,FALL_2018
195,Puhi_Bay_43416,Puhi_Bay,11/12/18,7:10 AM,43416.29861,FALL,2018,FALL_2018
196,Reeds_Bay_43416,Reeds_Bay,11/12/18,6:50 AM,43416.28472,FALL,2018,FALL_2018
197,Richardson_43416,Richardson,11/12/18,6:25 AM,43416.26736,FALL,2018,FALL_2018
198,Sumida.J3_43432,Sumida.J3,11/28/18,,43432,WINTER,2018,WINTER_2018
199,Sumida.Makai_Sump_Pump_43432,Sumida.Makai_Sump_Pump,11/28/18,,43432,WINTER,2018,WINTER_2018
200,Sumida.Mauka_Spring_43432,Sumida.Mauka_Spring,11/28/18,,43432,WINTER,2018,WINTER_2018
201,Sumida.Middle_Spring_43432,Sumida.Middle_Spring,11/28/18,,43432,WINTER,2018,WINTER_2018
202,Sumida.U7_43432,Sumida.U7,11/28/18,,43432,WINTER,2018,WINTER_2018
203,Waimea_1_43438,Waimea_1,12/4/18,12:00 AM,43438,WINTER,2018,WINTER_2018
204,Waimea_2_43438,Waimea_2,12/4/18,12:00 AM,43438,WINTER,2018,WINTER_2018
205,Waimea_3_43438,Waimea_3,12/4/18,12:00 AM,43438,WINTER,2018,WINTER_2018
206,Waimea_4_43438,Waimea_4,12/4/18,12:00 AM,43438,WINTER,2018,WINTER_2018
207,Waimea_5_43438,Waimea_5,12/4/18,12:00 AM,43438,WINTER,2018,WINTER_2018
208,Waimea_6_43438,Waimea_6,12/4/18,12:00 AM,43438,WINTER,2018,WINTER_2018
209,Waimea_7_43438,Waimea_7,12/4/18,12:00 AM,43438,WINTER,2018,WINTER_2018
210,Waimea_8_43438,Waimea_8,12/4/18,12:00 AM,43438,WINTER,2018,WINTER_2018
211,Waimea_9_43438,Waimea_9,12/4/18,12:00 AM,43438,WINTER,2018,WINTER_2018
212,Waimea_10_43438,Waimea_10,12/4/18,12:00 AM,43438,WINTER,2018,WINTER_2018
213,Waimea_11_43438,Waimea_11,12/4/18,12:00 AM,43438,WINTER,2018,WINTER_2018
214,Sumida.J3_43447,Sumida.J3,12/13/18,,43447,WINTER,2018,WINTER_2018
215,Sumida.Makai_Sump_Pump_43447,Sumida.Makai_Sump_Pump,12/13/18,,43447,WINTER,2018,WINTER_2018
216,Sumida.Mauka_Spring_43447,Sumida.Mauka_Spring,12/13/18,,43447,WINTER,2018,WINTER_2018
217,Sumida.Middle_Spring_43447,Sumida.Middle_Spring,12/13/18,,43447,WINTER,2018,WINTER_2018
218,Sumida.U8_Channel_43447,Sumida.U8_Channel,12/13/18,,43447,WINTER,2018,WINTER_2018
219,Waimea_1_43447,Waimea_1,12/13/18,12:00 AM,43447,WINTER,2018,WINTER_2018
220,Waimea_2_43447,Waimea_2,12/13/18,12:00 AM,43447,WINTER,2018,WINTER_2018
221,Waimea_3_43447,Waimea_3,12/13/18,12:00 AM,43447,WINTER,2018,WINTER_2018
222,Waimea_4_43447,Waimea_4,12/13/18,12:00 AM,43447,WINTER,2018,WINTER_2018
223,Waimea_5_43447,Waimea_5,12/13/18,12:00 AM,43447,WINTER,2018,WINTER_2018
224,Waimea_6_43447,Waimea_6,12/13/18,12:00 AM,43447,WINTER,2018,WINTER_2018
225,Waimea_7_43447,Waimea_7,12/13/18,12:00 AM,43447,WINTER,2018,WINTER_2018
226,Waimea_8_43447,Waimea_8,12/13/18,12:00 AM,43447,WINTER,2018,WINTER_2018
227,Waimea_9_43447,Waimea_9,12/13/18,12:00 AM,43447,WINTER,2018,WINTER_2018
228,Waimea_10_43447,Waimea_10,12/13/18,12:00 AM,43447,WINTER,2018,WINTER_2018
229,Waimea_11_43447,Waimea_11,12/13/18,12:00 AM,43447,WINTER,2018,WINTER_2018
230,KalepaA.muliwai_43476,KalepaA.muliwai,1/11/19,12:00 AM,43476,WINTER,2019,WINTER_2018
231,KalepaB.Kope.muliwai_43476,KalepaB.Kope.muliwai,1/11/19,12:00 AM,43476,WINTER,2019,WINTER_2018
232,Kapoho.fishpond_43476,Kapoho.fishpond,1/11/19,,43476,WINTER,2019,WINTER_2018
233,Kapoho.village_43476,Kapoho.village,1/11/19,,43476,WINTER,2019,WINTER_2018
234,Waihee.muliwai_43476,Waihee.muliwai,1/11/19,12:00 AM,43476,WINTER,2019,WINTER_2018
235,Nohoana.Auwai.low_43479,Nohoana.Auwai.low,1/14/19,12:00 AM,43479,WINTER,2019,WINTER_2018
236,Nohoana.Auwai.up_43479,Nohoana.Auwai.up,1/14/19,12:00 AM,43479,WINTER,2019,WINTER_2018
237,Nohoana.Hoiwai_43479,Nohoana.Hoiwai,1/14/19,12:00 AM,43479,WINTER,2019,WINTER_2018
238,Nohoana.loi.A_43479,Nohoana.loi.A,1/14/19,,43479,WINTER,2019,WINTER_2018
239,Nohoana.loi.B_43479,Nohoana.loi.B,1/14/19,,43479,WINTER,2019,WINTER_2018
240,Nohoana.loi.C_43479,Nohoana.loi.C,1/14/19,,43479,WINTER,2019,WINTER_2018
241,Waiehu.Auwai.Low.Loi.E_43479,Waiehu.Auwai.Low.Loi.E,1/14/19,12:00 AM,43479,WINTER,2019,WINTER_2018
242,Waiehu.loi.A_43479,Waiehu.loi.A,1/14/19,,43479,WINTER,2019,WINTER_2018
243,Waiehu.loi.Auwai.Pipe_43479,Waiehu.loi.Auwai.Pipe,1/14/19,12:00 AM,43479,WINTER,2019,WINTER_2018
244,Waiehu.loi.B_43479,Waiehu.loi.B,1/14/19,,43479,WINTER,2019,WINTER_2018
245,Waiehu.loi.C_43479,Waiehu.loi.C,1/14/19,,43479,WINTER,2019,WINTER_2018
246,Waiehu.loi.D_43479,Waiehu.loi.D,1/14/19,,43479,WINTER,2019,WINTER_2018
247,Waiehu.loi.E_43479,Waiehu.loi.E,1/14/19,,43479,WINTER,2019,WINTER_2018
248,Waikapu.stream_43479,Waikapu.stream,1/14/19,12:00 AM,43479,WINTER,2019,WINTER_2018
249,Honolua.Kahawai.uka_43480,Honolua.Kahawai.uka,1/15/19,12:00 AM,43480,WINTER,2019,WINTER_2018
250,Honolua.Kai_43480,Honolua.Kai,1/15/19,12:00 AM,43480,WINTER,2019,WINTER_2018
251,Honolua.Kamaloi_43480,Honolua.Kamaloi,1/15/19,12:00 AM,43480,WINTER,2019,WINTER_2018
252,Honolua.Loi.1_43480,Honolua.Loi.1,1/15/19,,43480,WINTER,2019,WINTER_2018
253,Honolua.Loi.2_43480,Honolua.Loi.2,1/15/19,,43480,WINTER,2019,WINTER_2018
254,Honolua.Loi.3_43480,Honolua.Loi.3,1/15/19,,43480,WINTER,2019,WINTER_2018
255,Honolua.Loi.4_43480,Honolua.Loi.4,1/15/19,,43480,WINTER,2019,WINTER_2018
256,Honolua.Loi.5_43480,Honolua.Loi.5,1/15/19,,43480,WINTER,2019,WINTER_2018
257,Honolua.Loi.6_43480,Honolua.Loi.6,1/15/19,,43480,WINTER,2019,WINTER_2018
258,Honolua.Loi.7_43480,Honolua.Loi.7,1/15/19,,43480,WINTER,2019,WINTER_2018
259,Honolua.Loi.8_43480,Honolua.Loi.8,1/15/19,,43480,WINTER,2019,WINTER_2018
260,Honolua.Loi.9_43480,Honolua.Loi.9,1/15/19,,43480,WINTER,2019,WINTER_2018
261,Honolua.Loi.10_43480,Honolua.Loi.10,1/15/19,,43480,WINTER,2019,WINTER_2018
262,Honolua.Loi.11_43480,Honolua.Loi.11,1/15/19,,43480,WINTER,2019,WINTER_2018
263,Honolua.Loi.12_43480,Honolua.Loi.12,1/15/19,,43480,WINTER,2019,WINTER_2018
264,Bog.0m_43481,Bog.0m,1/16/19,,43481,WINTER,2019,WINTER_2018
265,Bog.100m_43481,Bog.100m,1/16/19,,43481,WINTER,2019,WINTER_2018
266,Bog.300m_43481,Bog.300m,1/16/19,,43481,WINTER,2019,WINTER_2018
267,Bog.400m_43481,Bog.400m,1/16/19,,43481,WINTER,2019,WINTER_2018
268,Bog.500m_43481,Bog.500m,1/16/19,,43481,WINTER,2019,WINTER_2018
269,Bog.600m_43481,Bog.600m,1/16/19,,43481,WINTER,2019,WINTER_2018
270,Bog.700m_43481,Bog.700m,1/16/19,,43481,WINTER,2019,WINTER_2018
271,Bog.800m_43481,Bog.800m,1/16/19,,43481,WINTER,2019,WINTER_2018
272,Bog.900m_43481,Bog.900m,1/16/19,,43481,WINTER,2019,WINTER_2018
273,Bog.1000m_43481,Bog.1000m,1/16/19,,43481,WINTER,2019,WINTER_2018
274,Bog.1100m_43481,Bog.1100m,1/16/19,,43481,WINTER,2019,WINTER_2018
275,Bog.1200m_43481,Bog.1200m,1/16/19,,43481,WINTER,2019,WINTER_2018
276,Bog.1300m_43481,Bog.1300m,1/16/19,,43481,WINTER,2019,WINTER_2018
277,Bog.1400m_43481,Bog.1400m,1/16/19,,43481,WINTER,2019,WINTER_2018
278,Bog.1500m_43481,Bog.1500m,1/16/19,,43481,WINTER,2019,WINTER_2018
279,Bog.1600m_43481,Bog.1600m,1/16/19,,43481,WINTER,2019,WINTER_2018
280,Bog.1700m_43481,Bog.1700m,1/16/19,,43481,WINTER,2019,WINTER_2018
281,Bog.1800m_43481,Bog.1800m,1/16/19,,43481,WINTER,2019,WINTER_2018
282,Bog.1900m_43481,Bog.1900m,1/16/19,,43481,WINTER,2019,WINTER_2018
283,Bog.2000m_43481,Bog.2000m,1/16/19,,43481,WINTER,2019,WINTER_2018
284,Bog.2100m_43481,Bog.2100m,1/16/19,,43481,WINTER,2019,WINTER_2018
285,Bog.2200m_43481,Bog.2200m,1/16/19,,43481,WINTER,2019,WINTER_2018
286,Bog.2300m_43481,Bog.2300m,1/16/19,,43481,WINTER,2019,WINTER_2018
287,Bog.2500m_43481,Bog.2500m,1/16/19,,43481,WINTER,2019,WINTER_2018
288,Bog.2600m_43481,Bog.2600m,1/16/19,,43481,WINTER,2019,WINTER_2018
289,Bog.2700m_43481,Bog.2700m,1/16/19,,43481,WINTER,2019,WINTER_2018
290,Kiowaiokihawahina_43481,Kiowaiokihawahina,1/16/19,12:00 AM,43481,WINTER,2019,WINTER_2018
291,Pristine.Lehua.Bog.1400m_43481,Pristine.Lehua.Bog.1400m,1/16/19,,43481,WINTER,2019,WINTER_2018
292,Summit.wai.200m.300m_43481,Summit.wai.200m.300m,1/16/19,12:00 AM,43481,WINTER,2019,WINTER_2018
293,Olona.grove_43482,Olona.grove,1/17/19,,43482,WINTER,2019,WINTER_2018
294,Lahina.Mokuula_43483,Lahina.Mokuula,1/18/19,12:00 AM,43483,WINTER,2019,WINTER_2018
295,Koholalele_Kai_43486,Koholalele_Kai,1/21/19,,43486,WINTER,2019,WINTER_2018
296,Kalapahapuu_43491,Kalapahapuu,1/26/19,10:00 AM,43491.41667,WINTER,2019,WINTER_2018
297,Koholalele_Kai_43491,Koholalele_Kai,1/26/19,10:30 AM,43491.4375,WINTER,2019,WINTER_2018
298,Lepelau_43491,Lepelau,1/26/19,9:45 AM,43491.40625,WINTER,2019,WINTER_2018
299,Waihalulu_43491,Waihalulu,1/26/19,11:00 AM,43491.45833,WINTER,2019,WINTER_2018
300,Sumida.J3_43494,Sumida.J3,1/29/19,,43494,WINTER,2019,WINTER_2018
301,Sumida.Makai_Sump_Pump_43494,Sumida.Makai_Sump_Pump,1/29/19,,43494,WINTER,2019,WINTER_2018
302,Sumida.Mauka_Spring_43494,Sumida.Mauka_Spring,1/29/19,,43494,WINTER,2019,WINTER_2018
303,Sumida.Middle_Spring_43494,Sumida.Middle_Spring,1/29/19,,43494,WINTER,2019,WINTER_2018
304,Sumida.R7_43494,Sumida.R7,1/29/19,,43494,WINTER,2019,WINTER_2018
305,Honolii_43507,Honolii,2/11/19,7:05 AM,43507.29514,WINTER,2019,WINTER_2018
306,Puhi_Bay_43507,Puhi_Bay,2/11/19,6:49 AM,43507.28403,WINTER,2019,WINTER_2018
307,Reeds_Bay_43507,Reeds_Bay,2/11/19,7:22 AM,43507.30694,WINTER,2019,WINTER_2018
308,Kalapahapuu_43516,Kalapahapuu,2/20/19,4:45 PM,43516.69792,WINTER,2019,WINTER_2018
309,Koholalele_Kai_43516,Koholalele_Kai,2/20/19,5:15 PM,43516.71875,WINTER,2019,WINTER_2018
310,Lepelau_43516,Lepelau,2/20/19,4:30 PM,43516.6875,WINTER,2019,WINTER_2018
311,Waihalulu_43516,Waihalulu,2/20/19,5:45 PM,43516.73958,WINTER,2019,WINTER_2018
312,Honolii_43521,Honolii,2/25/19,7:22 AM,43521.30694,WINTER,2019,WINTER_2018
313,Onekahakaha_43521,Onekahakaha,2/25/19,12:00 AM,43521,WINTER,2019,WINTER_2018
314,Reeds_Bay_43521,Reeds_Bay,2/25/19,12:00 AM,43521,WINTER,2019,WINTER_2018
315,Richardson_43521,Richardson,2/25/19,12:00 AM,43521,WINTER,2019,WINTER_2018
316,Sumida.D4_43524,Sumida.D4,2/28/19,,43524,WINTER,2019,WINTER_2018
317,Sumida.Makai_Sump_Pump_43524,Sumida.Makai_Sump_Pump,2/28/19,,43524,WINTER,2019,WINTER_2018
318,Sumida.Mauka_Spring_43524,Sumida.Mauka_Spring,2/28/19,,43524,WINTER,2019,WINTER_2018
319,Sumida.Middle_Spring_43524,Sumida.Middle_Spring,2/28/19,,43524,WINTER,2019,WINTER_2018
320,Sumida.S8_43524,Sumida.S8,2/28/19,,43524,WINTER,2019,WINTER_2018
321,Koholalele_Kai_43545,Koholalele_Kai,3/21/19,4:30 PM,43545.6875,SPRING,2019,SPRING_2019
322,Waihalulu_43545,Waihalulu,3/21/19,5:00 PM,43545.70833,SPRING,2019,SPRING_2019
323,Sumida.Makai_Sump_Pump_43552,Sumida.Makai_Sump_Pump,3/28/19,,43552,SPRING,2019,SPRING_2019
324,Sumida.Mauka_Spring_43552,Sumida.Mauka_Spring,3/28/19,,43552,SPRING,2019,SPRING_2019
325,Sumida.Middle_Spring_43552,Sumida.Middle_Spring,3/28/19,,43552,SPRING,2019,SPRING_2019
326,Kalapahapuu_43569,Kalapahapuu,4/14/19,4:45 PM,43569.69792,SPRING,2019,SPRING_2019
327,Koholalele_Kai_43569,Koholalele_Kai,4/14/19,5:15 PM,43569.71875,SPRING,2019,SPRING_2019
328,Lepelau_43569,Lepelau,4/14/19,4:30 PM,43569.6875,SPRING,2019,SPRING_2019
329,Waihalulu_43569,Waihalulu,4/14/19,5:45 PM,43569.73958,SPRING,2019,SPRING_2019
330,Sumida.Makai_Sump_Pump_43579,Sumida.Makai_Sump_Pump,4/24/19,,43579,SPRING,2019,SPRING_2019
331,Sumida.Mauka_Spring_43579,Sumida.Mauka_Spring,4/24/19,,43579,SPRING,2019,SPRING_2019
332,Sumida.Middle_Spring_43579,Sumida.Middle_Spring,4/24/19,,43579,SPRING,2019,SPRING_2019
333,Koholalele_43601,Koholalele,5/16/19,12:00 AM,43601,SPRING,2019,SPRING_2019
334,Koholalele_Kai_43601,Koholalele_Kai,5/16/19,,43601,SPRING,2019,SPRING_2019
335,Waihalulu_43601,Waihalulu,5/16/19,,43601,SPRING,2019,SPRING_2019
336,Waihaluu_43601,Waihalulu,5/16/19,5:00 PM,43601.70833,SPRING,2019,SPRING_2019
337,KalepaB.Kope.muliwai_43625,KalepaB.Kope.muliwai,6/9/19,12:00 AM,43625,SUMMER,2019,SUMMER_2019
338,Waiehu.Auwai.Low.Loi.E_43625,Waiehu.Auwai.Low.Loi.E,6/9/19,12:00 AM,43625,SUMMER,2019,SUMMER_2019
339,Waiehu.loi.Auwai.Pipe_43625,Waiehu.loi.Auwai.Pipe,6/9/19,12:00 AM,43625,SUMMER,2019,SUMMER_2019
340,Waihee.muliwai.1_43625,Waihee.muliwai.1,6/9/19,12:00 AM,43625,SUMMER,2019,SUMMER_2019
341,Waihee.muliwai.2_43625,Waihee.muliwai.2,6/9/19,12:00 AM,43625,SUMMER,2019,SUMMER_2019
342,Waihee.muliwai.3_43625,Waihee.muliwai.3,6/9/19,12:00 AM,43625,SUMMER,2019,SUMMER_2019
343,Honokohau.crossing_43626,Honokohau.crossing,6/10/19,12:00 AM,43626,SUMMER,2019,SUMMER_2019
344,Honokohau.loi.hoi_43626,Honokohau.loi.hoi,6/10/19,12:00 AM,43626,SUMMER,2019,SUMMER_2019
345,Honokohau.muliwai_43626,Honokohau.muliwai,6/10/19,12:00 AM,43626,SUMMER,2019,SUMMER_2019
346,Honolua.kaawai.uka.t24.N_43626,Honolua.kaawai.uka.t24.N,6/10/19,12:00 AM,43626,SUMMER,2019,SUMMER_2019
347,Honolua.kahwai.uka.1.K_43626,Honolua.kahwai.uka.1.K,6/10/19,12:00 AM,43626,SUMMER,2019,SUMMER_2019
348,Honolua.kahwai.uka.2.L_43626,Honolua.kahwai.uka.2.L,6/10/19,12:00 AM,43626,SUMMER,2019,SUMMER_2019
349,Honolua.kahwai.uka.3.M_43626,Honolua.kahwai.uka.3.M,6/10/19,12:00 AM,43626,SUMMER,2019,SUMMER_2019
350,Mokuleia.Punawai_43626,Mokuleia.Punawai,6/10/19,12:00 AM,43626,SUMMER,2019,SUMMER_2019
351,Honokohau.Bowl_43627,Honokohau.Bowl,6/11/19,12:00 AM,43627,SUMMER,2019,SUMMER_2019
352,Honokohau.Right.bowl_43627,Honokohau.Right.bowl,6/11/19,12:00 AM,43627,SUMMER,2019,SUMMER_2019
353,Honokohau.Right.wall_43627,Honokohau.Right.wall,6/11/19,12:00 AM,43627,SUMMER,2019,SUMMER_2019
354,Honokohau.Transect.1.O_43627,Honokohau.Transect.1.O,6/11/19,12:00 AM,43627,SUMMER,2019,SUMMER_2019
355,Honokohau.Transect.6.P_43627,Honokohau.Transect.6.P,6/11/19,12:00 AM,43627,SUMMER,2019,SUMMER_2019
356,Honokohau.Transect.15.Q_43627,Honokohau.Transect.15.Q,6/11/19,12:00 AM,43627,SUMMER,2019,SUMMER_2019
357,Honokohau.USGS.gauge.upstream_43627,Honokohau.USGS.gauge.upstream,6/11/19,12:00 AM,43627,SUMMER,2019,SUMMER_2019
358,Nohoana.Auwai.low_43628,Nohoana.Auwai.low,6/12/19,,43628,SUMMER,2019,SUMMER_2019
359,Nohoana.Auwai.up_43628,Nohoana.Auwai.up,6/12/19,12:00 AM,43628,SUMMER,2019,SUMMER_2019
360,Nohoana.Hoiwai_43628,Nohoana.Hoiwai,6/12/19,12:00 AM,43628,SUMMER,2019,SUMMER_2019
361,Olowalu.8.Mauka.beta_43628,Olowalu.8.Mauka.beta,6/12/19,12:00 AM,43628,SUMMER,2019,SUMMER_2019
362,Olowalu.bridge.gamma_43628,Olowalu.bridge.gamma,6/12/19,12:00 AM,43628,SUMMER,2019,SUMMER_2019
363,Waikapu.Kealia.muliwai_43628,Waikapu.Kealia.muliwai,6/12/19,12:00 AM,43628,SUMMER,2019,SUMMER_2019
364,Waikapu.poowai_43628,Waikapu.poowai,6/12/19,12:00 AM,43628,SUMMER,2019,SUMMER_2019
365,Waikapu.Shimizu_43628,Waikapu.Shimizu,6/12/19,12:00 AM,43628,SUMMER,2019,SUMMER_2019
366,Waikapu.stream_43628,Waikapu.stream,6/12/19,12:00 AM,43628,SUMMER,2019,SUMMER_2019
367,Honolua.bay.left.muliwai_43629,Honolua.bay.left.muliwai,6/13/19,12:00 AM,43629,SUMMER,2019,SUMMER_2019
368,Honolua.bay.middle_43629,Honolua.bay.middle,6/13/19,12:00 AM,43629,SUMMER,2019,SUMMER_2019
369,Honolua.bay.right.side_43629,Honolua.bay.right.side,6/13/19,12:00 AM,43629,SUMMER,2019,SUMMER_2019
370,Kohoma.crossing_43629,Kohoma.crossing,6/13/19,12:00 AM,43629,SUMMER,2019,SUMMER_2019
371,Kohoma.mauka_43629,Kohoma.mauka,6/13/19,12:00 AM,43629,SUMMER,2019,SUMMER_2019
372,Launiupoko.mauka_43629,Launiupoko.mauka,6/13/19,12:00 AM,43629,SUMMER,2019,SUMMER_2019
373,Koholalele_Kai_43630,Koholalele_Kai,6/14/19,4:30 PM,43630.6875,SUMMER,2019,SUMMER_2019
374,HEEIA_MULIWAI_43641,HEEIA_MULIWAI,6/25/19,,43641,SUMMER,2019,SUMMER_2019
375,HEEIA_MULIWAI_S3T1,HEEIA_MULIWAI,6/25/19,10:13 AM,43641.42569,SUMMER,2019,SUMMER_2019
376,HEEIA_MULIWAI_S3T2,HEEIA_MULIWAI,6/25/19,11:31 AM,43641.48021,SUMMER,2019,SUMMER_2019
377,HEEIA_MULIWAI_S3T3,HEEIA_MULIWAI,6/25/19,12:48 PM,43641.53333,SUMMER,2019,SUMMER_2019
378,HEEIA_MULIWAI_S3T4,HEEIA_MULIWAI,6/25/19,2:38 PM,43641.61007,SUMMER,2019,SUMMER_2019
379,HIHIMANU_43641,HIHIMANU,6/25/19,,43641,SUMMER,2019,SUMMER_2019
380,HIHIMANU_S4T1,HIHIMANU,6/25/19,10:38 AM,43641.44306,SUMMER,2019,SUMMER_2019
381,HIHIMANU_S4T2,HIHIMANU,6/25/19,11:56 AM,43641.49769,SUMMER,2019,SUMMER_2019
382,HIHIMANU_S4T3,HIHIMANU,6/25/19,1:11 PM,43641.54977,SUMMER,2019,SUMMER_2019
383,HIHIMANU_S4T4,HIHIMANU,6/25/19,3:01 PM,43641.62593,SUMMER,2019,SUMMER_2019
384,KEALOHI_43641,KEALOHI,6/25/19,,43641,SUMMER,2019,SUMMER_2019
385,KEALOHI_S2T1,KEALOHI,6/25/19,10:03 AM,43641.41875,SUMMER,2019,SUMMER_2019
386,KEALOHI_S2T2,KEALOHI,6/25/19,11:20 AM,43641.47222,SUMMER,2019,SUMMER_2019
387,KEALOHI_S2T3,KEALOHI,6/25/19,12:36 PM,43641.52535,SUMMER,2019,SUMMER_2019
388,KEALOHI_S2T4,KEALOHI,6/25/19,2:28 PM,43641.60278,SUMMER,2019,SUMMER_2019
389,WAIKOLU_43641,WAIKOLU,6/25/19,,43641,SUMMER,2019,SUMMER_2019
390,WAIKOLU_S1T1,WAIKOLU,6/25/19,9:46 AM,43641.40729,SUMMER,2019,SUMMER_2019
391,WAIKOLU_S1T2,WAIKOLU,6/25/19,11:08 AM,43641.46424,SUMMER,2019,SUMMER_2019
392,WAIKOLU_S1T3,WAIKOLU,6/25/19,12:22 PM,43641.51563,SUMMER,2019,SUMMER_2019
393,WAIKOLU_S1T4,WAIKOLU,6/25/19,2:10 PM,43641.59028,SUMMER,2019,SUMMER_2019
394,HEEIA_MULIWAI_43648,HEEIA_MULIWAI,7/2/19,,43648,SUMMER,2019,SUMMER_2019
395,HEEIA_MULIWAI_S3T01,HEEIA_MULIWAI,7/2/19,8:03 AM,43648.33542,SUMMER,2019,SUMMER_2019
396,HEEIA_MULIWAI_S3T02,HEEIA_MULIWAI,7/2/19,10:34 AM,43648.44028,SUMMER,2019,SUMMER_2019
397,HEEIA_MULIWAI_S3T03,HEEIA_MULIWAI,7/2/19,1:48 PM,43648.575,SUMMER,2019,SUMMER_2019
398,HEEIA_MULIWAI_S3T04,HEEIA_MULIWAI,7/2/19,3:42 PM,43648.65417,SUMMER,2019,SUMMER_2019
399,HEEIA_MULIWAI_S3T05,HEEIA_MULIWAI,7/2/19,6:40 PM,43648.77778,SUMMER,2019,SUMMER_2019
400,HEEIA_MULIWAI_S3T06,HEEIA_MULIWAI,7/2/19,10:27 PM,43648.93542,SUMMER,2019,SUMMER_2019
401,HIHIMANU_43648,HIHIMANU,7/2/19,,43648,SUMMER,2019,SUMMER_2019
402,HIHIMANU_S4T01,HIHIMANU,7/2/19,8:26 AM,43648.35139,SUMMER,2019,SUMMER_2019
403,HIHIMANU_S4T02,HIHIMANU,7/2/19,10:57 AM,43648.45625,SUMMER,2019,SUMMER_2019
404,HIHIMANU_S4T03,HIHIMANU,7/2/19,2:00 PM,43648.58333,SUMMER,2019,SUMMER_2019
405,HIHIMANU_S4T04,HIHIMANU,7/2/19,4:08 PM,43648.67222,SUMMER,2019,SUMMER_2019
406,HIHIMANU_S4T05,HIHIMANU,7/2/19,7:35 PM,43648.81597,SUMMER,2019,SUMMER_2019
407,HIHIMANU_S4T06,HIHIMANU,7/2/19,10:48 PM,43648.95,SUMMER,2019,SUMMER_2019
408,KEALOHI_43648,KEALOHI,7/2/19,,43648,SUMMER,2019,SUMMER_2019
409,KEALOHI_S2T01,KEALOHI,7/2/19,7:53 AM,43648.32847,SUMMER,2019,SUMMER_2019
410,KEALOHI_S2T02,KEALOHI,7/2/19,10:19 AM,43648.42986,SUMMER,2019,SUMMER_2019
411,KEALOHI_S2T03,KEALOHI,7/2/19,1:33 PM,43648.56493,SUMMER,2019,SUMMER_2019
412,KEALOHI_S2T04,KEALOHI,7/2/19,3:33 PM,43648.64792,SUMMER,2019,SUMMER_2019
413,KEALOHI_S2T05,KEALOHI,7/2/19,6:52 PM,43648.78611,SUMMER,2019,SUMMER_2019
414,KEALOHI_S2T06,KEALOHI,7/2/19,10:32 PM,43648.93889,SUMMER,2019,SUMMER_2019
415,WAIKOLU_43648,WAIKOLU,7/2/19,,43648,SUMMER,2019,SUMMER_2019
416,WAIKOLU_S1T01,WAIKOLU,7/2/19,7:36 AM,43648.31667,SUMMER,2019,SUMMER_2019
417,WAIKOLU_S1T02,WAIKOLU,7/2/19,10:05 AM,43648.42014,SUMMER,2019,SUMMER_2019
418,WAIKOLU_S1T03,WAIKOLU,7/2/19,1:11 PM,43648.54931,SUMMER,2019,SUMMER_2019
419,WAIKOLU_S1T04,WAIKOLU,7/2/19,4:24 PM,43648.68333,SUMMER,2019,SUMMER_2019
420,WAIKOLU_S1T05,WAIKOLU,7/2/19,8:22 PM,43648.84896,SUMMER,2019,SUMMER_2019
421,WAIKOLU_S1T06,WAIKOLU,7/2/19,10:15 PM,43648.92708,SUMMER,2019,SUMMER_2019
422,HEEIA_MULIWAI_43649,HEEIA_MULIWAI,7/3/19,,43649,SUMMER,2019,SUMMER_2019
423,HEEIA_MULIWAI_S3T07,HEEIA_MULIWAI,7/3/19,2:01 AM,43649.08403,SUMMER,2019,SUMMER_2019
424,HEEIA_MULIWAI_S3T08,HEEIA_MULIWAI,7/3/19,6:35 AM,43649.27431,SUMMER,2019,SUMMER_2019
425,HEEIA_MULIWAI_S3T09,HEEIA_MULIWAI,7/3/19,8:41 AM,43649.36181,SUMMER,2019,SUMMER_2019
426,HEEIA_MULIWAI_S3T10,HEEIA_MULIWAI,7/3/19,12:07 PM,43649.50486,SUMMER,2019,SUMMER_2019
427,HEEIA_MULIWAI_S3T11,HEEIA_MULIWAI,7/3/19,2:38 PM,43649.60972,SUMMER,2019,SUMMER_2019
428,HEEIA_MULIWAI_S3T12,HEEIA_MULIWAI,7/3/19,3:31 PM,43649.64653,SUMMER,2019,SUMMER_2019
429,HIHIMANU_43649,HIHIMANU,7/3/19,,43649,SUMMER,2019,SUMMER_2019
430,HIHIMANU_S4T07,HIHIMANU,7/3/19,2:36 AM,43649.10833,SUMMER,2019,SUMMER_2019
431,HIHIMANU_S4T08,HIHIMANU,7/3/19,6:57 AM,43649.28958,SUMMER,2019,SUMMER_2019
432,HIHIMANU_S4T09,HIHIMANU,7/3/19,9:05 AM,43649.37847,SUMMER,2019,SUMMER_2019
433,HIHIMANU_S4T10,HIHIMANU,7/3/19,12:35 PM,43649.52431,SUMMER,2019,SUMMER_2019
434,HIHIMANU_S4T11,HIHIMANU,7/3/19,3:03 PM,43649.62708,SUMMER,2019,SUMMER_2019
435,HIHIMANU_S4T12,HIHIMANU,7/3/19,3:56 PM,43649.66389,SUMMER,2019,SUMMER_2019
436,KEALOHI_43649,KEALOHI,7/3/19,,43649,SUMMER,2019,SUMMER_2019
437,KEALOHI_S2T07,KEALOHI,7/3/19,2:17 AM,43649.09514,SUMMER,2019,SUMMER_2019
438,KEALOHI_S2T08,KEALOHI,7/3/19,6:44 AM,43649.28056,SUMMER,2019,SUMMER_2019
439,KEALOHI_S2T09,KEALOHI,7/3/19,8:55 AM,43649.37153,SUMMER,2019,SUMMER_2019
440,KEALOHI_S2T10,KEALOHI,7/3/19,11:59 AM,43649.49931,SUMMER,2019,SUMMER_2019
441,KEALOHI_S2T11,KEALOHI,7/3/19,2:28 PM,43649.60278,SUMMER,2019,SUMMER_2019
442,KEALOHI_S2T12,KEALOHI,7/3/19,3:39 PM,43649.65208,SUMMER,2019,SUMMER_2019
443,WAIKOLU_43649,WAIKOLU,7/3/19,,43649,SUMMER,2019,SUMMER_2019
444,WAIKOLU_S1T07,WAIKOLU,7/3/19,4:08 AM,43649.17257,SUMMER,2019,SUMMER_2019
445,WAIKOLU_S1T08,WAIKOLU,7/3/19,7:30 AM,43649.3125,SUMMER,2019,SUMMER_2019
446,WAIKOLU_S1T09,WAIKOLU,7/3/19,10:09 AM,43649.42292,SUMMER,2019,SUMMER_2019
447,WAIKOLU_S1T10,WAIKOLU,7/3/19,12:58 PM,43649.54063,SUMMER,2019,SUMMER_2019
448,WAIKOLU_S1T11,WAIKOLU,7/3/19,2:47 PM,43649.61632,SUMMER,2019,SUMMER_2019
449,WAIKOLU_S1T12,WAIKOLU,7/3/19,3:23 PM,43649.64097,SUMMER,2019,SUMMER_2019
450,Papahana.AUWAI_43656,Papahana.AUWAI,7/10/19,12:00 AM,43656,SUMMER,2019,SUMMER_2019
451,Papahana.HOI_43656,Papahana.HOI,7/10/19,12:00 AM,43656,SUMMER,2019,SUMMER_2019
452,Papahana.KAHAWAI_1_43656,Papahana.KAHAWAI_1,7/10/19,12:00 AM,43656,SUMMER,2019,SUMMER_2019
453,Papahana.KAHAWAI_2_43656,Papahana.KAHAWAI_2,7/10/19,12:00 AM,43656,SUMMER,2019,SUMMER_2019
454,Papahana.KAHAWAI_3_43656,Papahana.KAHAWAI_3,7/10/19,12:00 AM,43656,SUMMER,2019,SUMMER_2019
455,PUNAWAI_WELL_43656,PUNAWAI_WELL,7/10/19,12:00 AM,43656,SUMMER,2019,SUMMER_2019
456,DOCK_43657,DOCK,7/11/19,12:00 AM,43657,SUMMER,2019,SUMMER_2019
457,HAU_43657,HAU,7/11/19,12:00 AM,43657,SUMMER,2019,SUMMER_2019
458,HIHIMANU_43657,HIHIMANU,7/11/19,12:00 AM,43657,SUMMER,2019,SUMMER_2019
459,KAHOOKELE_43657,KAHOOKELE,7/11/19,12:00 AM,43657,SUMMER,2019,SUMMER_2019
460,WAIKOLU_43657,WAIKOLU,7/11/19,,43657,SUMMER,2019,SUMMER_2019
461,KKO_S1.AUWAI_1_43658,KKO_S1.AUWAI_1,7/12/19,12:00 AM,43658,SUMMER,2019,SUMMER_2019
462,KKO_S2.LOI_HOI_1_43658,KKO_S2.LOI_HOI_1,7/12/19,12:00 AM,43658,SUMMER,2019,SUMMER_2019
463,KKO_S3.AUWAI_DAM_43658,KKO_S3.AUWAI_DAM,7/12/19,12:00 AM,43658,SUMMER,2019,SUMMER_2019
464,KKO_S4.NEW_LOI_AUWAI_43658,KKO_S4.NEW_LOI_AUWAI,7/12/19,12:00 AM,43658,SUMMER,2019,SUMMER_2019
465,KKO_S5.EXIT_AUWAI_43658,KKO_S5.EXIT_AUWAI,7/12/19,12:00 AM,43658,SUMMER,2019,SUMMER_2019
466,KKO_S6.LOI_3_43658,KKO_S6.LOI_3,7/12/19,12:00 AM,43658,SUMMER,2019,SUMMER_2019
467,Koholalele_Kai_43663,Koholalele_Kai,7/17/19,4:45 PM,43663.69792,SUMMER,2019,SUMMER_2019
468,Waihalulu_43663,Waihalulu,7/17/19,,43663,SUMMER,2019,SUMMER_2019
469,Waihaluu_43663,Waihalulu,7/17/19,4:15 PM,43663.67708,SUMMER,2019,SUMMER_2019
470,Buzz_43665,Buzz,7/19/19,12:00 AM,43665,SUMMER,2019,SUMMER_2019
471,Hamakua_43665,Hamakua,7/19/19,12:00 AM,43665,SUMMER,2019,SUMMER_2019
472,Kaha_43665,Kaha,7/19/19,12:00 AM,43665,SUMMER,2019,SUMMER_2019
473,Ulupo.Hoi_43665,Ulupo.Hoi,7/19/19,12:00 AM,43665,SUMMER,2019,SUMMER_2019
474,Ulupo.Kawainui_43665,Ulupo.Kawainui,7/19/19,12:00 AM,43665,SUMMER,2019,SUMMER_2019
475,Ulupo.Kawainui_pipe_43665,Ulupo.Kawainui_pipe,7/19/19,12:00 AM,43665,SUMMER,2019,SUMMER_2019
476,Ulupo.Spring_43665,Ulupo.Spring,7/19/19,12:00 AM,43665,SUMMER,2019,SUMMER_2019
477,Koholalele_Kai_43718,Koholalele_Kai,9/10/19,3:45 PM,43718.65625,FALL,2019,FALL_2019
478,Lepelau_43718,Lepelau,9/10/19,10:00 AM,43718.41667,FALL,2019,FALL_2019
479,Waihalulu_43718,Waihalulu,9/10/19,1:30 PM,43718.5625,FALL,2019,FALL_2019
480,Koholalele_Kai_43755,Koholalele_Kai,10/17/19,12:30 PM,43755.52083,FALL,2019,FALL_2019
481,Waihalulu_43755,Waihalulu,10/17/19,9:15 AM,43755.38542,FALL,2019,FALL_2019
482,Koholalele_Kai_43780,Koholalele_Kai,11/11/19,10:45 AM,43780.44792,FALL,2019,FALL_2019
483,Waihalulu_43780,Waihalulu,11/11/19,2:30 PM,43780.60417,FALL,2019,FALL_2019
484,Waipunalau_Pakii_43780,Waipunalau_Pakii,11/11/19,3:00 PM,43780.625,FALL,2019,FALL_2019
485,Lepelau_43795,Lepelau,11/26/19,10:30 AM,43795.4375,WINTER,2019,WINTER_2019
486,Waihalulu_43811,Waihalulu,12/12/19,11:15 AM,43811.46875,WINTER,2019,WINTER_2019
487,Koholalele_Kai_43812,Koholalele_Kai,12/13/19,1:45 PM,43812.57292,WINTER,2019,WINTER_2019
488,Buzz_43815,Buzz,12/16/19,12:00 AM,43815,WINTER,2019,WINTER_2019
489,Hamakua_43815,Hamakua,12/16/19,12:00 AM,43815,WINTER,2019,WINTER_2019
490,Kaha_43815,Kaha,12/16/19,12:00 AM,43815,WINTER,2019,WINTER_2019
491,Kaleos_House_43815,Kaleos_House,12/16/19,12:00 AM,43815,WINTER,2019,WINTER_2019
492,Mauka_Lunahai_43815,Mauka_Lunahai,12/16/19,12:00 AM,43815,WINTER,2019,WINTER_2019
493,Maunawili_Falls_Trailhead_43815,Maunawili_Falls_Trailhead,12/16/19,12:00 AM,43815,WINTER,2019,WINTER_2019
494,Pikoakea_43815,Pikoakea,12/16/19,12:00 AM,43815,WINTER,2019,WINTER_2019
495,Sherines_House_43815,Sherines_House,12/16/19,12:00 AM,43815,WINTER,2019,WINTER_2019
496,Ulupo.Hoi_43815,Ulupo.Hoi,12/16/19,12:00 AM,43815,WINTER,2019,WINTER_2019
497,Ulupo.Kawainui_43815,Ulupo.Kawainui,12/16/19,12:00 AM,43815,WINTER,2019,WINTER_2019
498,Ulupo.Kawainui_pipe_43815,Ulupo.Kawainui_pipe,12/16/19,12:00 AM,43815,WINTER,2019,WINTER_2019
499,Ulupo.Spring_43815,Ulupo.Spring,12/16/19,12:00 AM,43815,WINTER,2019,WINTER_2019
500,Waiawia_43815,Waiawia,12/16/19,12:00 AM,43815,WINTER,2019,WINTER_2019
501,Kalapahapuu_43840,Kalapahapuu,1/10/20,10:45 AM,43840.44792,WINTER,2020,WINTER_2019
502,Lepelau_43840,Lepelau,1/10/20,9:00 AM,43840.375,WINTER,2020,WINTER_2019
503,Koholalele_Kai_43844,Koholalele_Kai,1/14/20,12:15 PM,43844.51042,WINTER,2020,WINTER_2019
504,Waihalulu_43844,Waihalulu,1/14/20,8:45 AM,43844.36458,WINTER,2020,WINTER_2019
505,KaluaoLono_punawai_Lepelau_43847,KaluaoLono_punawai_Lepelau,1/17/20,9:30 AM,43847.39583,WINTER,2020,WINTER_2019
506,Kahua_Waipunalau_43854,Kahua_Waipunalau,1/24/20,12:00 AM,43854,WINTER,2020,WINTER_2019
507,Kaha_43856,Kaha,1/26/20,12:00 AM,43856,WINTER,2020,WINTER_2019
508,Kapaa_Quary_Spring_43856,Kapaa_Quary_Spring,1/26/20,12:00 AM,43856,WINTER,2020,WINTER_2019
509,Mokapu_Outlet_43856,Mokapu_Outlet,1/26/20,12:00 AM,43856,WINTER,2020,WINTER_2019
510,Sherines_House_43856,Sherines_House,1/26/20,12:00 AM,43856,WINTER,2020,WINTER_2019
511,W.Kailua_Bay_1_43856,W.Kailua_Bay_1,1/26/20,12:00 AM,43856,WINTER,2020,WINTER_2019
512,W.Kailua_Bay_2_43856,W.Kailua_Bay_2,1/26/20,12:00 AM,43856,WINTER,2020,WINTER_2019
513,W.Kailua_Bay_CoralReef_43856,W.Kailua_Bay_CoralReef,1/26/20,12:00 AM,43856,WINTER,2020,WINTER_2019
514,Buzz_43863,Buzz,2/2/20,12:00 AM,43863,WINTER,2020,WINTER_2019
515,E.Kailua_Bay_1_43863,E.Kailua_Bay_1,2/2/20,12:00 AM,43863,WINTER,2020,WINTER_2019
516,E.Kailua_Bay_2_43863,E.Kailua_Bay_2,2/2/20,12:00 AM,43863,WINTER,2020,WINTER_2019
517,E.Kailua_Bay_CoralReef_43863,E.Kailua_Bay_CoralReef,2/2/20,12:00 AM,43863,WINTER,2020,WINTER_2019
518,Kaha_43863,Kaha,2/2/20,,43863,WINTER,2020,WINTER_2019
519,Kapaa_Quary_Spring_43863,Kapaa_Quary_Spring,2/2/20,,43863,WINTER,2020,WINTER_2019
520,Mauka_Kawainui_43863,Mauka_Kawainui,2/2/20,,43863,WINTER,2020,WINTER_2019
521,Sherines_House_43863,Sherines_House,2/2/20,,43863,WINTER,2020,WINTER_2019
522,W.Kailua_Bay_1_43863,W.Kailua_Bay_1,2/2/20,,43863,WINTER,2020,WINTER_2019
523,W.Kailua_Bay_2_43863,W.Kailua_Bay_2,2/2/20,,43863,WINTER,2020,WINTER_2019
524,W.Kailua_Bay_CoralReef_43863,W.Kailua_Bay_CoralReef,2/2/20,,43863,WINTER,2020,WINTER_2019
525,Waiawia_43863,Waiawia,2/2/20,,43863,WINTER,2020,WINTER_2019
526,Koholalele_Kai_43867,Koholalele_Kai,2/6/20,11:30 AM,43867.47917,WINTER,2020,WINTER_2019
527,Waihalulu_43867,Waihalulu,2/6/20,2:30 PM,43867.60417,WINTER,2020,WINTER_2019
528,Kalapahapuu_43892,Kalapahapuu,3/2/20,10:00 AM,43892.41667,SPRING,2020,SPRING_2020
529,Lepelau_43892,Lepelau,3/2/20,9:30 AM,43892.39583,SPRING,2020,SPRING_2020
530,Waihalulu_43892,Waihalulu,3/2/20,11:15 AM,43892.46875,SPRING,2020,SPRING_2020
531,KaluaoLono_punawai_Lepelau_43902,KaluaoLono_punawai_Lepelau,3/12/20,11:00 AM,43902.45833,SPRING,2020,SPRING_2020
532,Koholalele_Kai_43902,Koholalele_Kai,3/12/20,11:00 AM,43902.45833,SPRING,2020,SPRING_2020
533,Waihalulu_43902,Waihalulu,3/12/20,11:45 AM,43902.48958,SPRING,2020,SPRING_2020
534,Koholalele_Kai_43931,Koholalele_Kai,4/10/20,2:15 PM,43931.59375,SPRING,2020,SPRING_2020
535,Waihalulu_43931,Waihalulu,4/10/20,1:30 PM,43931.5625,SPRING,2020,SPRING_2020
536,Koholalele_Kai_43957,Koholalele_Kai,5/6/20,11:00 AM,43957.45833,SPRING,2020,SPRING_2020
537,Waihalulu_43957,Waihalulu,5/6/20,1:45 PM,43957.57292,SPRING,2020,SPRING_2020
538,Koholalele_Kai_43990,Koholalele_Kai,6/8/20,9:30 AM,43990.39583,SUMMER,2020,SUMMER_2020
539,Waihalulu_43990,Waihalulu,6/8/20,10:30 AM,43990.4375,SUMMER,2020,SUMMER_2020
540,Koholalele_Kai_44021,Koholalele_Kai,7/9/20,11:15 AM,44021.46875,SUMMER,2020,SUMMER_2020
541,Waihalulu_44021,Waihalulu,7/9/20,10:30 AM,44021.4375,SUMMER,2020,SUMMER_2020
542,Koholalele_Kai_44047,Koholalele_Kai,8/4/20,1:15 PM,44047.55208,SUMMER,2020,SUMMER_2020
543,Waihalulu_44047,Waihalulu,8/4/20,1:45 PM,44047.57292,SUMMER,2020,SUMMER_2020
544,Richardson_47174,Richardson,2/25/20,,47174,WINTER,2020,WINTER_2019
545,Kahanaiki_stream_43815,Kahanaiki_stream,12/16/19,,43815,WINTER,2019,WINTER_2019