,x,id,location,date,time,date_time,season,year,season_year,y,temp_c,do_percent,do_mg_l,spc_us,sal_ppt,ph,water_level_cm,turbidity,tdn_umol_l,tdp_umol_l,po4_umol_l,si_umol_l,nox_umol_l,nh4_umol_l,toc_umol_l,cor_tdn_umol_l,cor_tdp_umol_l,cor_po4_umol_l,cor_nox_umol_l,cor_nh4_umol_l
0,1.0,Waimanalo_Site_1_1,Waimanalo_Site_1,1/1/00,,1.0,,,,,,,,,,,,,,,,,,,,,,,,
1,2.0,Waimanalo_Site_2_1,Waimanalo_Site_2,1/1/00,,1.0,,,,,,,,,,,,,,,,,,,,,,,,
2,3.0,Waimanalo_Site_4_1,Waimanalo_Site_4,1/1/00,,1.0,,,,,,,,,,,,,,,,,,,,,,,,
3,4.0,Bayfront_42569,Bayfront,7/18/16,8:04 AM,42569.33611,SUMMER,2016.0,SUMMER_2016,122.0,,,,,,,,,,,,,,,,,,,,
4,5.0,Honolii_42569,Honolii,7/18/16,7:30 AM,42569.3125,SUMMER,2016.0,SUMMER_2016,123.0,,,,,,,,,,,,,,,,,,,,
5,6.0,Onekahakaha_42569,Onekahakaha,7/18/16,8:31 AM,42569.35486,SUMMER,2016.0,SUMMER_2016,124.0,,,,,,,,,,,,,,,,,,,,
6,7.0,Richardson_42569,Richardson,7/18/16,8:55 AM,42569.37153,SUMMER,2016.0,SUMMER_2016,125.0,,,,,,,,,,,,,,,,,,,,
7,8.0,Hookuaaina_42581,Hookuaaina,7/30/16,,42581.0,SUMMER,2016.0,SUMMER_2016,,,,,,,,,,,,,,,,,,,,,
8,9.0,Bayfront_42892,Bayfront,6/6/17,7:55 AM,42892.32986,SUMMER,2017.0,SUMMER_2017,126.0,23.76666667,90.06666667,6.83,,17.56666667,,49.5,3.693333333,,,,,,,,,,,,
9,10.0,Honolii_42892,Honolii,6/6/17,7:26 AM,42892.30972,SUMMER,2017.0,SUMMER_2017,127.0,25.0,97.83333333,6.903333333,,28.83333333,,44.2,0.43,,,,,,,,,,,,
10,11.0,Onekahakaha_42892,Onekahakaha,6/6/17,8:21 AM,42892.34792,SUMMER,2017.0,SUMMER_2017,128.0,22.96666667,103.4666667,7.863333333,,15.16666667,,51.4,1.543333333,,,,,,,,,,,,
11,12.0,Richardson_42892,Richardson,6/6/17,8:40 AM,42892.36111,SUMMER,2017.0,SUMMER_2017,129.0,24.63333333,99.03333333,7.04,,27.36666667,,55.7,1.113333333,,,,,,,,,,,,
12,13.0,Bayfront_42900,Bayfront,6/14/17,8:50 AM,42900.36806,SUMMER,2017.0,SUMMER_2017,130.0,25.86666667,101.7,6.996666667,,28.26666667,,49.4,2.04,,,,,,,,,,,,
13,14.0,Honolii_42900,Honolii,6/14/17,7:25 AM,42900.30903,SUMMER,2017.0,SUMMER_2017,131.0,24.5,108.2,7.693333333,,28.66666667,,53.7,0.406666667,,,,,,,,,,,,
14,15.0,Onekahakaha_42900,Onekahakaha,6/14/17,8:06 AM,42900.3375,SUMMER,2017.0,SUMMER_2017,132.0,24.93333333,107.4333333,8.026666667,,29.63333333,,45.0,0.616666667,,,,,,,,,,,,
15,16.0,Richardson_42900,Richardson,6/14/17,8:22 AM,42900.34861,SUMMER,2017.0,SUMMER_2017,133.0,23.8,91.2,6.596666667,,25.66666667,,40.7,0.836666667,,,,,,,,,,,,
16,17.0,Bayfront_42915,Bayfront,6/29/17,7:19 AM,42915.30486,SUMMER,2017.0,SUMMER_2017,134.0,24.5,104.8333333,7.733333333,,21.13333333,,42.7,5.096666667,,,,,,,,,,,,
17,18.0,Honolii_42915,Honolii,6/29/17,6:47 AM,42915.28264,SUMMER,2017.0,SUMMER_2017,135.0,24.86666667,105.4,7.386666667,,30.53333333,,62.6,0.433333333,,,,,,,,,,,,
18,19.0,Onekahakaha_42915,Onekahakaha,6/29/17,7:21 AM,42915.30625,SUMMER,2017.0,SUMMER_2017,136.0,25.7,106.7666667,7.116666667,,35.06666667,,51.2,0.63,,,,,,,,,,,,
19,20.0,Richardson_42915,Richardson,6/29/17,7:02 AM,42915.29306,SUMMER,2017.0,SUMMER_2017,137.0,24.76666667,98.73333333,7.05,,30.13333333,,48.3,0.543333333,,,,,,,,,,,,
20,21.0,Kahua_Waipunalau_42948,Kahua_Waipunalau,8/1/17,12:00 AM,42948.0,SUMMER,2017.0,SUMMER_2017,339.0,,,,,,,,,,,,,,,,,,,,
21,22.0,Waipunalau_Paauilo_42948,Waipunalau_Paauilo,8/1/17,12:00 AM,42948.0,SUMMER,2017.0,SUMMER_2017,398.0,,,,,,,,,,,,,,,,,,,,
22,23.0,Waipunalau_Pakii_42948,Waipunalau_Pakii,8/1/17,12:00 AM,42948.0,SUMMER,2017.0,SUMMER_2017,399.0,,,,,,,,,,,,,,,,,,,,
23,24.0,Waihalulu_42952,Waihalulu,8/5/17,12:00 AM,42952.0,SUMMER,2017.0,SUMMER_2017,378.0,,,,,,,,,,,,,,,,,,,,
24,25.0,Puhi_Bay_43055,Puhi_Bay,11/16/17,7:15 AM,43055.30208,WINTER,2017.0,WINTER_2017,138.0,18.8,90.26666667,8.016666667,,12.08666667,,24.5,0.216666667,,,1.77,94.14,40.08,2.84,,,,1.77,40.08,2.84
25,26.0,Reeds_Bay_43055,Reeds_Bay,11/16/17,7:36 AM,43055.31667,WINTER,2017.0,WINTER_2017,139.0,22.2,79.13333333,6.43,,15.13333333,,18.4,38.96666667,,,0.64,12.06,21.88,5.49,,,,0.64,21.88,5.49
26,27.0,Kalapahapuu_43068,Kalapahapuu,11/29/17,12:00 AM,43068.0,WINTER,2017.0,WINTER_2017,341.0,,,,,,,,,,,,,,,,,,,,
27,28.0,Lepelau_43068,Lepelau,11/29/17,12:00 AM,43068.0,WINTER,2017.0,WINTER_2017,369.0,,,,,,,,,,,,,,,,,,,,
28,29.0,Lepelau_43075,Lepelau,12/6/17,12:00 AM,43075.0,WINTER,2017.0,WINTER_2017,370.0,,,,,,,,,,,,,,,,,,,,
29,30.0,Puhi_Bay_43076,Puhi_Bay,12/7/17,7:03 AM,43076.29375,WINTER,2017.0,WINTER_2017,140.0,20.8,86.0,6.966666667,,18.4,,12.1,1.343333333,,,0.71,85.0,26.03,5.14,,,,0.71,26.03,5.14
30,31.0,Reeds_Bay_43076,Reeds_Bay,12/7/17,6:54 AM,43076.2875,WINTER,2017.0,WINTER_2017,141.0,21.0,82.96666667,6.68,,18.1,,17.3,7.536666667,,,0.62,62.57,22.4,3.45,,,,0.62,22.4,3.45
31,32.0,3rd_Loi_3rd_Row_43103,3rd_Loi_3rd_Row,1/3/18,,43103.0,WINTER,2018.0,WINTER_2017,,,,,,,,,,,,,,,,,,,,,
32,33.0,Kopakaweli_43103,Kopakaweli,1/3/18,,43103.0,WINTER,2018.0,WINTER_2017,,,,,,,,,,,,,,,,,,,,,
33,34.0,Loi_2nd_Row_3rd_Loi_43103,Loi_2nd_Row_3rd_Loi,1/3/18,,43103.0,WINTER,2018.0,WINTER_2017,,,,,,,,,,,,,,,,,,,,,
34,35.0,Loi_Kuahiwi_43103,Loi_Kuahiwi,1/3/18,,43103.0,WINTER,2018.0,WINTER_2017,,,,,,,,,,,,,,,,,,,,,
35,36.0,Papahana.AUWAI_43103,Papahana.AUWAI,1/3/18,,43103.0,WINTER,2018.0,WINTER_2017,,,,,,,,,,,,,,,,,,,,,
36,37.0,Papahana.HOI_43103,Papahana.HOI,1/3/18,,43103.0,WINTER,2018.0,WINTER_2017,,,,,,,,,,,,,,,,,,,,,
37,38.0,Puna_43103,Puna,1/3/18,,43103.0,WINTER,2018.0,WINTER_2017,,,,,,,,,,,,,,,,,,,,,
38,39.0,Small_Kuahiwi_43103,Small_Kuahiwi,1/3/18,,43103.0,WINTER,2018.0,WINTER_2017,,,,,,,,,,,,,,,,,,,,,
39,40.0,Puhi_Bay_43124,Puhi_Bay,1/24/18,7:34 AM,43124.31574,WINTER,2018.0,WINTER_2017,142.0,20.86666667,76.26666667,6.263333333,,15.0,,51.5,0.383333333,,,0.82,79.36,36.52,0.76,,,,0.82,36.52,0.76
40,41.0,Reeds_Bay_43124,Reeds_Bay,1/24/18,7:20 AM,43124.30556,WINTER,2018.0,WINTER_2017,143.0,18.9,87.7,7.856666667,,7.666666667,,49.1,4.453333333,,,0.78,51.78,28.34,0.92,,,,0.78,28.34,0.92
41,42.0,Puhi_Bay_43152,Puhi_Bay,2/21/18,8:21 AM,43152.34792,WINTER,2018.0,WINTER_2017,144.0,19.03333333,73.73333333,6.466666667,,8.333333333,,54.0,0.473333333,,,1.81,141.5,38.25,2.77,,,,1.81,38.25,2.77
42,43.0,Reeds_Bay_43152,Reeds_Bay,2/21/18,8:36 AM,43152.35833,WINTER,2018.0,WINTER_2017,145.0,21.5,70.73333333,5.833333333,,16.13333333,,55.4,0.86,,,1.37,154.4,24.65,0.84,,,,1.37,24.65,0.84
43,44.0,Ulupo.Stream_43158,Ulupo.Stream,2/27/18,,43158.0,WINTER,2018.0,WINTER_2017,,,,,,,,,,,,,,,,,,,,,
44,45.0,Puhi_Bay_43159,Puhi_Bay,2/28/18,7:55 AM,43159.32986,WINTER,2018.0,WINTER_2017,146.0,21.23333333,67.7,5.53,,13.7,,13.4,21.53333333,,,,,,,,,,,,
45,46.0,Reeds_Bay_43159,Reeds_Bay,2/28/18,7:35 AM,43159.31597,WINTER,2018.0,WINTER_2017,147.0,18.7,77.86666667,6.98,,6.533333333,,6.3,0.363333333,,,,,,,,,,,,
46,47.0,Waimea_4_43165,Waimea_4,3/6/18,,43165.0,SPRING,2018.0,SPRING_2018,,,,,,,,,,,,,,,,,,,,,
47,48.0,Waimea_5_43165,Waimea_5,3/6/18,,43165.0,SPRING,2018.0,SPRING_2018,,,,,,,,,,,,,,,,,,,,,
48,49.0,Waimea_6_43165,Waimea_6,3/6/18,,43165.0,SPRING,2018.0,SPRING_2018,,,,,,,,,,,,,,,,,,,,,
49,50.0,Waimea_7_43165,Waimea_7,3/6/18,,43165.0,SPRING,2018.0,SPRING_2018,,,,,,,,,,,,,,,,,,,,,
50,51.0,Onekahakaha_43166,Onekahakaha,3/7/18,7:26 AM,43166.30972,SPRING,2018.0,SPRING_2018,148.0,22.73333333,85.46666667,6.153333333,,34.1,,35.9,1.656666667,,,0.03,15.68,0.94,0.19,,,,0.03,0.94,0.19
51,52.0,Richardson_43166,Richardson,3/7/18,7:06 AM,43166.29583,SPRING,2018.0,SPRING_2018,149.0,22.03333333,85.76666667,6.476666667,,27.16666667,,35.0,0.82,,,0.29,36.65,4.11,0.95,,,,0.29,4.11,0.95
52,53.0,Bayfront_43180,Bayfront,3/21/18,7:50 AM,43180.32639,SPRING,2018.0,SPRING_2018,150.0,22.93333333,82.1,5.943333333,,30.8,,28.1,130.3666667,,,0.21,42.49,5.57,0.96,,,,0.21,5.57,0.96
53,54.0,Honolii_43180,Honolii,3/21/18,8:05 AM,43180.33681,SPRING,2018.0,SPRING_2018,151.0,22.36666667,85.96666667,6.403333333,,27.66666667,,33.0,1.67,,,0.18,30.1,1.57,0.81,,,,0.18,1.57,0.81
54,55.0,Puhi_Bay_43194,Puhi_Bay,4/4/18,7:40 AM,43194.31944,SPRING,2018.0,SPRING_2018,152.0,22.03333333,64.06666667,5.243333333,,15.0,,45.3,0.3,,,0.83,84.65,38.9,0.71,,,,0.83,38.9,0.71
55,56.0,Reeds_Bay_43194,Reeds_Bay,4/4/18,7:20 AM,43194.30556,SPRING,2018.0,SPRING_2018,153.0,18.93333333,79.53333333,7.166666667,,6.6,,48.4,2.193333333,,,1.26,122.51,26.45,0.82,,,,1.26,26.45,0.82
56,57.0,Onekahakaha_43201,Onekahakaha,4/11/18,7:26 AM,43201.30972,SPRING,2018.0,SPRING_2018,154.0,23.9,80.93333333,5.586666667,,34.46666667,,48.0,0.84,,,0.03,15.34,0.86,0.49,,,,0.03,0.86,0.49
57,58.0,Richardson_43201,Richardson,4/11/18,7:50 AM,43201.32639,SPRING,2018.0,SPRING_2018,155.0,23.16666667,85.23333333,6.166666667,,31.06666667,,51.8,0.356666667,,,0.33,54.17,4.71,0.66,,,,0.33,4.71,0.66
58,59.0,Bayfront_43208,Bayfront,4/18/18,6:47 AM,43208.28264,SPRING,2018.0,SPRING_2018,156.0,22.03333333,84.26666667,6.633333333,,18.3,,20.7,11.44333333,,,0.19,41.95,10.01,0.65,,,,0.19,10.01,0.65
59,60.0,Honolii_43208,Honolii,4/18/18,7:07 AM,43208.29653,SPRING,2018.0,SPRING_2018,157.0,21.73333333,89.26666667,7.046666667,,18.96666667,,26.5,2.37,,,0.39,32.78,4.3,6.01,,,,0.39,4.3,6.01
60,61.0,Sumida.ctywtrwashtub_43222,Sumida.ctywtrwashtub,5/2/18,,43222.0,SPRING,2018.0,SPRING_2018,,,,,,,,,,,,,,,,,,,,,
61,62.0,Sumida.Makai_Sump_Pump_43222,Sumida.Makai_Sump_Pump,5/2/18,,43222.0,SPRING,2018.0,SPRING_2018,,,,,,,,,,,,,,,,,,,,,
62,63.0,Sumida.Mauka_Spring_43222,Sumida.Mauka_Spring,5/2/18,,43222.0,SPRING,2018.0,SPRING_2018,,,,,,,,,,,,,,,,,,,,,
63,64.0,Sumida.Middle_Spring_43222,Sumida.Middle_Spring,5/2/18,,43222.0,SPRING,2018.0,SPRING_2018,,,,,,,,,,,,,,,,,,,,,
64,65.0,Sumida.sprwashtub_43222,Sumida.sprwashtub,5/2/18,,43222.0,SPRING,2018.0,SPRING_2018,,,,,,,,,,,,,,,,,,,,,
65,66.0,C_MAIKI_Site_5_43230,C_MAIKI_Site_5,5/10/18,,43230.0,SPRING,2018.0,SPRING_2018,,,,,,,,,,,,,,,,,,,,,
66,67.0,Waimea_5_43230,Waimea_5,5/10/18,,43230.0,SPRING,2018.0,SPRING_2018,,,,,,,,,,,,,,,,,,,,,
67,68.0,Waimea_6_43230,Waimea_6,5/10/18,,43230.0,SPRING,2018.0,SPRING_2018,,,,,,,,,,,,,,,,,,,,,
68,69.0,Waimea_7_43230,Waimea_7,5/10/18,,43230.0,SPRING,2018.0,SPRING_2018,,,,,,,,,,,,,,,,,,,,,
69,70.0,KapunaFarms.Hoiwai_43244,KapunaFarms.Hoiwai,5/24/18,,43244.0,SPRING,2018.0,SPRING_2018,,,,,,,,,,,,,,,,,,,,,
70,71.0,KapunaFarms.Maluhia_Makawai_43244,KapunaFarms.Maluhia_Makawai,5/24/18,,43244.0,SPRING,2018.0,SPRING_2018,,,,,,,,,,,,,,,,,,,,,
71,72.0,KapunaFarms.Poowai_43244,KapunaFarms.Poowai,5/24/18,,43244.0,SPRING,2018.0,SPRING_2018,,,,,,,,,,,,,,,,,,,,,
72,73.0,KapunaFarms.tub_43244,KapunaFarms.tub,5/24/18,,43244.0,SPRING,2018.0,SPRING_2018,,,,,,,,,,,,,,,,,,,,,
73,74.0,Sumida.F2_43261,Sumida.F2,6/10/18,,43261.0,SUMMER,2018.0,SUMMER_2018,,,,,,,,,,,,,,,,,,,,,
74,75.0,Sumida.Makai_Sump_Pump_43261,Sumida.Makai_Sump_Pump,6/10/18,,43261.0,SUMMER,2018.0,SUMMER_2018,,,,,,,,,,,,,,,,,,,,,
75,76.0,Sumida.Mauka_Spring_43261,Sumida.Mauka_Spring,6/10/18,,43261.0,SUMMER,2018.0,SUMMER_2018,,,,,,,,,,,,,,,,,,,,,
76,77.0,Sumida.Middle_Spring_43261,Sumida.Middle_Spring,6/10/18,,43261.0,SUMMER,2018.0,SUMMER_2018,,,,,,,,,,,,,,,,,,,,,
77,78.0,Sumida.P8_43261,Sumida.P8,6/10/18,,43261.0,SUMMER,2018.0,SUMMER_2018,,,,,,,,,,,,,,,,,,,,,
78,79.0,Waimea_1_43276,Waimea_1,6/25/18,12:00 AM,43276.0,SUMMER,2018.0,SUMMER_2018,232.0,26.8,102.5,6.69,56550.0,,6.59,,,6.91,0.25,0.16,19.88,0.625368587,0.45,,6.91,0.25,0.16,0.625368587,0.45
79,80.0,Waimea_2_43276,Waimea_2,6/25/18,12:00 AM,43276.0,SUMMER,2018.0,SUMMER_2018,233.0,28.6,91.6,6.99,7595.0,,7.73,,,17.8,0.14,0.09,126.91,1.327536825,0.82,,17.8,0.14,0.09,1.327536825,0.82
80,81.0,Waimea_3_43276,Waimea_3,6/25/18,12:00 AM,43276.0,SUMMER,2018.0,SUMMER_2018,234.0,28.6,9.09,7.09,7038.0,,7.55,,,9.15,0.16,0.13,132.42,0.7370185,0.04,,9.15,0.16,0.13,0.7370185,0.04
81,82.0,Waimea_4_43276,Waimea_4,6/25/18,12:00 AM,43276.0,SUMMER,2018.0,SUMMER_2018,235.0,29.4,77.3,5.65,7934.0,,7.49,,,14.2,0.23,0.22,136.45,2.487276094,2.26,,14.2,0.23,0.22,2.487276094,2.26
82,83.0,Waimea_5_43276,Waimea_5,6/25/18,12:00 AM,43276.0,SUMMER,2018.0,SUMMER_2018,236.0,26.1,101.1,8.15,95.3,,7.14,,,8.66,0.2,0.03,108.48,2.252359514,0.05,,8.66,0.2,0.03,2.252359514,0.05
83,84.0,Waimea_6_43276,Waimea_6,6/25/18,12:00 AM,43276.0,SUMMER,2018.0,SUMMER_2018,237.0,25.8,111.9,9.11,90.8,,6.83,,,4.32,0.14,0.07,48.24,1.579878536,0.09,,4.32,0.14,0.07,1.579878536,0.09
84,85.0,Waimea_7_43276,Waimea_7,6/25/18,12:00 AM,43276.0,SUMMER,2018.0,SUMMER_2018,238.0,25.6,106.0,8.6,89.5,,7.36,,,10.86,0.23,0.08,114.06,2.063264575,1.17,,10.86,0.23,0.08,2.063264575,1.17
85,86.0,Waimea_8_43276,Waimea_8,6/25/18,12:00 AM,43276.0,SUMMER,2018.0,SUMMER_2018,239.0,25.1,102.2,8.4,87.2,,6.54,,,15.43,0.14,0.08,111.3,0.699586737,0.22,,15.43,0.14,0.08,0.699586737,0.22
86,87.0,Waimea_9_43276,Waimea_9,6/25/18,12:00 AM,43276.0,SUMMER,2018.0,SUMMER_2018,240.0,25.4,98.5,8.02,86.9,,7.25,,,6.1,0.18,0.12,130.84,0.489839791,0.3,,6.1,0.18,0.12,0.489839791,0.3
87,88.0,Waimea_10_43276,Waimea_10,6/25/18,12:00 AM,43276.0,SUMMER,2018.0,SUMMER_2018,241.0,24.5,105.6,8.79,86.5,,7.34,,,5.26,0.14,0.03,102.78,0.449181152,0.09,,5.26,0.14,0.03,0.449181152,0.09
88,89.0,Waimea_11_43276,Waimea_11,6/25/18,12:00 AM,43276.0,SUMMER,2018.0,SUMMER_2018,242.0,24.6,105.9,8.79,86.5,,7.34,,,9.79,0.13,0.08,111.7,0.797683771,0.48,,9.79,0.13,0.08,0.797683771,0.48
89,90.0,Waimea_1_43278,Waimea_1,6/27/18,12:00 AM,43278.0,SUMMER,2018.0,SUMMER_2018,243.0,26.6,98.9,5.82,56628.0,,,,,6.69,1.29,0.6,9.58,0.41,0.59,,6.69,1.29,0.6,0.41,0.59
90,91.0,Waimea_2_43278,Waimea_2,6/27/18,12:00 AM,43278.0,SUMMER,2018.0,SUMMER_2018,244.0,27.3,85.4,6.24,42658.0,,,,,26.2,1.92,1.68,60.82,0.88,17.8,,26.2,1.92,1.68,0.88,17.8
91,92.0,Waimea_3_43278,Waimea_3,6/27/18,12:00 AM,43278.0,SUMMER,2018.0,SUMMER_2018,245.0,28.4,80.2,5.92,14320.0,,,,,50.98,0.7,0.56,140.32,1.96,20.95,,50.98,0.7,0.56,1.96,20.95
92,93.0,Waimea_4_43278,Waimea_4,6/27/18,12:00 AM,43278.0,SUMMER,2018.0,SUMMER_2018,246.0,25.0,97.4,7.87,1.044,,,,,11.28,4.8,4.11,169.63,0.58,1.01,,11.28,4.8,4.11,0.58,1.01
93,94.0,Waimea_5_43278,Waimea_5,6/27/18,12:00 AM,43278.0,SUMMER,2018.0,SUMMER_2018,247.0,24.4,102.6,8.47,8.39,,,,,9.2,1.62,1.09,136.28,0.97,0.21,,9.2,1.62,1.09,0.97,0.21
94,95.0,Waimea_6_43278,Waimea_6,6/27/18,12:00 AM,43278.0,SUMMER,2018.0,SUMMER_2018,248.0,24.4,106.9,8.93,8.29,,,,,7.22,3.33,2.75,149.02,0.91,0.22,,7.22,3.33,2.75,0.91,0.22
95,96.0,Waimea_7_43278,Waimea_7,6/27/18,12:00 AM,43278.0,SUMMER,2018.0,SUMMER_2018,249.0,24.2,104.0,8.74,81.8,,,,,7.69,0.26,0.24,147.31,0.38,0.39,,7.69,0.26,0.24,0.38,0.39
96,97.0,Waimea_8_43278,Waimea_8,6/27/18,12:00 AM,43278.0,SUMMER,2018.0,SUMMER_2018,250.0,24.0,103.1,8.67,81.0,,,,,7.18,0.27,0.26,150.89,0.22,0.42,,7.18,0.27,0.26,0.22,0.42
97,98.0,Waimea_9_43278,Waimea_9,6/27/18,12:00 AM,43278.0,SUMMER,2018.0,SUMMER_2018,251.0,24.0,103.1,8.63,80.6,,,,,12.62,0.23,0.13,139.89,0.19,0.11,,12.62,0.23,0.13,0.19,0.11
98,99.0,Waimea_10_43278,Waimea_10,6/27/18,12:00 AM,43278.0,SUMMER,2018.0,SUMMER_2018,252.0,24.1,103.4,8.71,81.6,,,,,5.72,0.23,0.17,148.35,0.31,0.07,,5.72,0.23,0.17,0.31,0.07
99,100.0,Waimea_11_43278,Waimea_11,6/27/18,12:00 AM,43278.0,SUMMER,2018.0,SUMMER_2018,253.0,24.1,101.3,8.45,80.7,,,,,5.51,0.52,0.47,141.97,0.21,0.14,,5.51,0.52,0.47,0.21,0.14
100,101.0,Bayfront_43291,Bayfront,7/10/18,6:28 AM,43291.26944,SUMMER,2018.0,SUMMER_2018,158.0,23.96666667,77.4,6.236666667,,22.3,,42.0,7.27,,,,,,,,,,,,
101,102.0,Honolii_43291,Honolii,7/10/18,7:00 AM,43291.29167,SUMMER,2018.0,SUMMER_2018,159.0,23.36666667,89.8,6.766666667,,20.96666667,,43.3,2.813333333,,,,,,,,,,,,
102,103.0,Onekahakaha_43291,Onekahakaha,7/10/18,7:21 AM,43291.30625,SUMMER,2018.0,SUMMER_2018,160.0,25.06666667,64.16666667,4.546666667,,28.23333333,,35.6,0.68,,,,,,,,,,,,
103,104.0,Reeds_Bay_43291,Reeds_Bay,7/10/18,6:33 AM,43291.27292,SUMMER,2018.0,SUMMER_2018,161.0,22.3,65.3,5.223333333,,13.63333333,,37.9,11.77666667,,,,,,,,,,,,
104,105.0,Richardson_43291,Richardson,7/10/18,6:45 AM,43291.28125,SUMMER,2018.0,SUMMER_2018,162.0,23.53333333,74.5,5.576666667,,25.23333333,,35.3,0.48,,,,,,,,,,,,
105,106.0,Sumida.F3_43293,Sumida.F3,7/12/18,,43293.0,SUMMER,2018.0,SUMMER_2018,,,,,,,,,,,,,,,,,,,,,
106,107.0,Sumida.Makai_Sump_Pump_43293,Sumida.Makai_Sump_Pump,7/12/18,,43293.0,SUMMER,2018.0,SUMMER_2018,,,,,,,,,,,,,,,,,,,,,
107,108.0,Sumida.Mauka_Spring_43293,Sumida.Mauka_Spring,7/12/18,,43293.0,SUMMER,2018.0,SUMMER_2018,,,,,,,,,,,,,,,,,,,,,
108,109.0,Sumida.Middle_Spring_43293,Sumida.Middle_Spring,7/12/18,,43293.0,SUMMER,2018.0,SUMMER_2018,,,,,,,,,,,,,,,,,,,,,
109,110.0,Sumida.Q8_43293,Sumida.Q8,7/12/18,,43293.0,SUMMER,2018.0,SUMMER_2018,,,,,,,,,,,,,,,,,,,,,
110,111.0,Bayfront_43298,Bayfront,7/17/18,6:12 AM,43298.25833,SUMMER,2018.0,SUMMER_2018,163.0,24.86666667,83.33333333,6.043333333,,25.9,,63.6,5.816666667,,,,,,,,,,,,
111,112.0,Honolii_43298,Honolii,7/17/18,6:42 AM,43298.27917,SUMMER,2018.0,SUMMER_2018,164.0,23.8,88.3,6.493333333,,22.96666667,,57.7,6.446666667,,,,,,,,,,,,
112,113.0,Onekahakaha_43298,Onekahakaha,7/17/18,6:14 AM,43298.25972,SUMMER,2018.0,SUMMER_2018,165.0,25.2,76.0,5.15,,34.03333333,,71.5,0.85,,,,,,,,,,,,
113,114.0,Reeds_Bay_43298,Reeds_Bay,7/17/18,7:09 AM,43298.29792,SUMMER,2018.0,SUMMER_2018,166.0,21.96666667,71.16666667,5.766666667,,12.7,,68.0,2.96,,,,,,,,,,,,
114,115.0,Richardson_43298,Richardson,7/17/18,6:54 AM,43298.2875,SUMMER,2018.0,SUMMER_2018,167.0,24.56666667,80.03333333,5.63,,29.23333333,,75.6,1.07,,,,,,,,,,,,
115,116.0,KKO_2_43305,KKO_2,7/24/18,,43305.0,SUMMER,2018.0,SUMMER_2018,,,,,,,,,,,,,,,,,,,,,
116,117.0,KKO_3_43305,KKO_3,7/24/18,,43305.0,SUMMER,2018.0,SUMMER_2018,,,,,,,,,,,,,,,,,,,,,
117,118.0,Bayfront_43305,Bayfront,7/24/18,7:24 AM,43305.30833,SUMMER,2018.0,SUMMER_2018,168.0,25.0,82.7,6.063333333,,24.63333333,,37.6,1.863333333,,,,,,,,,,,,
118,119.0,KKO_Bridge_43305,KKO_Bridge,7/24/18,,43305.0,SUMMER,2018.0,SUMMER_2018,,,,,,,,,,,,,,,,,,,,,
119,120.0,KKO_Excavation_43305,KKO_Excavation,7/24/18,,43305.0,SUMMER,2018.0,SUMMER_2018,,,,,,,,,,,,,,,,,,,,,
120,121.0,Honolii_43305,Honolii,7/24/18,6:15 AM,43305.26042,SUMMER,2018.0,SUMMER_2018,169.0,24.06666667,89.86666667,6.363333333,,23.5,,38.2,0.596666667,,,,,,,,,,,,
121,122.0,KKO_Muliwai_43305,KKO_Muliwai,7/24/18,,43305.0,SUMMER,2018.0,SUMMER_2018,,,,,,,,,,,,,,,,,,,,,
122,123.0,Onekahakaha_43305,Onekahakaha,7/24/18,5:45 AM,43305.23958,SUMMER,2018.0,SUMMER_2018,170.0,23.86666667,83.9,5.78,,26.43333333,,39.5,15.76666667,,,,,,,,,,,,
123,124.0,Reeds_Bay_43305,Reeds_Bay,7/24/18,7:00 AM,43305.29167,SUMMER,2018.0,SUMMER_2018,171.0,21.86666667,72.1,5.806666667,,13.0,,35.1,11.15333333,,,,,,,,,,,,
124,125.0,Richardson_43305,Richardson,7/24/18,6:40 AM,43305.27778,SUMMER,2018.0,SUMMER_2018,172.0,23.9,89.16666667,6.396666667,,26.76666667,,37.5,5.703333333,,,,,,,,,,,,
125,126.0,KKO_Sulfur_43305,KKO_Sulfur,7/24/18,,43305.0,SUMMER,2018.0,SUMMER_2018,,,,,,,,,,,,,,,,,,,,,
126,127.0,Bayfront_43311,Bayfront,7/30/18,7:20 AM,43311.30556,SUMMER,2018.0,SUMMER_2018,173.0,25.43333333,85.5,5.966666667,,27.8,,49.4,3.246666667,,,,,,,,,,,,
127,128.0,Honolii_43311,Honolii,7/30/18,6:18 AM,43311.2625,SUMMER,2018.0,SUMMER_2018,174.0,24.43333333,87.16666667,6.17,,27.76666667,,57.9,0.403333333,,,,,,,,,,,,
128,129.0,Onekahakaha_43311,Onekahakaha,7/30/18,5:54 AM,43311.24583,SUMMER,2018.0,SUMMER_2018,175.0,23.56666667,65.96666667,4.826666667,,23.8,,36.3,3.07,,,,,,,,,,,,
129,130.0,Reeds_Bay_43311,Reeds_Bay,7/30/18,6:54 AM,43311.2875,SUMMER,2018.0,SUMMER_2018,176.0,22.06666667,70.66666667,5.603333333,,12.6,,45.7,2.046666667,,,,,,,,,,,,
130,131.0,Richardson_43311,Richardson,7/30/18,6:36 AM,43311.275,SUMMER,2018.0,SUMMER_2018,177.0,23.63333333,77.33333333,5.553333333,,25.66666667,,35.5,0.7,,,,,,,,,,,,
131,132.0,C-MAIKI_Site_4_43312,C-MAIKI_Site_4,7/31/18,,43312.0,SUMMER,2018.0,SUMMER_2018,,,,,,,,,,,,,,,,,,,,,
132,133.0,Bayfront_43326,Bayfront,8/14/18,7:14 AM,43326.30139,SUMMER,2018.0,SUMMER_2018,178.0,23.33333333,84.9,6.536666667,,16.13333333,,51.0,3.493333333,,,,,,,,,,,,
133,134.0,Honolii_43326,Honolii,8/14/18,5:57 AM,43326.24792,SUMMER,2018.0,SUMMER_2018,179.0,25.06666667,81.56666667,5.693333333,,29.06666667,,58.2,0.826666667,,,,,,,,,,,,
134,135.0,Onekahakaha_43326,Onekahakaha,8/14/18,5:35 AM,43326.23264,SUMMER,2018.0,SUMMER_2018,180.0,24.2,67.76666667,4.886666667,,24.86666667,,38.2,1.03,,,,,,,,,,,,
135,136.0,Reeds_Bay_43326,Reeds_Bay,8/14/18,6:30 AM,43326.27083,SUMMER,2018.0,SUMMER_2018,181.0,22.06666667,73.0,6.03,,12.1,,45.5,4.02,,,,,,,,,,,,
136,137.0,Richardson_43326,Richardson,8/14/18,6:11 AM,43326.25764,SUMMER,2018.0,SUMMER_2018,182.0,24.56666667,78.2,5.91,,26.26666667,,34.2,0.613333333,,,,,,,,,,,,
137,138.0,Bayfront_43327,Bayfront,8/15/18,6:48 AM,43327.28333,SUMMER,2018.0,SUMMER_2018,183.0,24.9,80.83333333,5.44,,24.46666667,,68.6,7.603333333,,,,,,,,,,,,
138,139.0,Honolii_43327,Honolii,8/15/18,6:10 AM,43327.25694,SUMMER,2018.0,SUMMER_2018,184.0,25.03333333,81.66666667,5.73,,28.53333333,,72.0,0.596666667,,,,,,,,,,,,
139,140.0,Onekahakaha_43327,Onekahakaha,8/15/18,5:45 AM,43327.23958,SUMMER,2018.0,SUMMER_2018,185.0,24.36666667,64.66666667,4.6,,27.43333333,,57.2,1.376666667,,,,,,,,,,,,
140,141.0,Reeds_Bay_43327,Reeds_Bay,8/15/18,6:50 AM,43327.28472,SUMMER,2018.0,SUMMER_2018,186.0,21.7,69.26666667,5.74,,11.7,,63.3,0.823333333,,,,,,,,,,,,
141,142.0,Richardson_43327,Richardson,8/15/18,6:24 AM,43327.26667,SUMMER,2018.0,SUMMER_2018,187.0,24.76666667,75.93333333,5.35,,27.93333333,,53.6,0.536666667,,,,,,,,,,,,
142,143.0,Bayfront_43340,Bayfront,8/28/18,7:08 AM,43340.29722,SUMMER,2018.0,SUMMER_2018,188.0,23.66666667,91.3,6.983333333,,18.23333333,,42.4,13.86666667,,,,,,,,,,,,
143,144.0,Honolii_43340,Honolii,8/28/18,6:15 AM,43340.26042,SUMMER,2018.0,SUMMER_2018,189.0,24.4,85.83333333,7.036666667,,23.03333333,,49.1,19.6,,,,,,,,,,,,
144,145.0,Onekahakaha_43340,Onekahakaha,8/28/18,5:55 AM,43340.24653,SUMMER,2018.0,SUMMER_2018,190.0,25.03333333,87.7,6.373333333,,28.83333333,,33.9,1.75,,,,,,,,,,,,
145,146.0,Reeds_Bay_43340,Reeds_Bay,8/28/18,6:44 AM,43340.28056,SUMMER,2018.0,SUMMER_2018,191.0,21.1,77.6,6.536666667,,12.63333333,,40.7,3.79,,,,,,,,,,,,
146,147.0,Richardson_43340,Richardson,8/28/18,6:28 AM,43340.26944,SUMMER,2018.0,SUMMER_2018,192.0,24.23333333,94.3,7.863333333,,25.53333333,,34.2,0.583333333,,,,,,,,,,,,
147,148.0,Sumida.A2_43340,Sumida.A2,8/28/18,,43340.0,SUMMER,2018.0,SUMMER_2018,,,,,,,,,,,,,,,,,,,,,
148,149.0,Sumida.B1_43340,Sumida.B1,8/28/18,,43340.0,SUMMER,2018.0,SUMMER_2018,,,,,,,,,,,,,,,,,,,,,
149,150.0,Sumida.Makai_Sump_Pump_43340,Sumida.Makai_Sump_Pump,8/28/18,,43340.0,SUMMER,2018.0,SUMMER_2018,,,,,,,,,,,,,,,,,,,,,
150,151.0,Sumida.Mauka_Spring_43340,Sumida.Mauka_Spring,8/28/18,,43340.0,SUMMER,2018.0,SUMMER_2018,,,,,,,,,,,,,,,,,,,,,
151,152.0,Sumida.Middle_Spring_43340,Sumida.Middle_Spring,8/28/18,,43340.0,SUMMER,2018.0,SUMMER_2018,,,,,,,,,,,,,,,,,,,,,
152,153.0,Sumida.B2_43362,Sumida.B2,9/19/18,,43362.0,FALL,2018.0,FALL_2018,,,,,,,,,,,,,,,,,,,,,
153,154.0,Sumida.Makai_Sump_Pump_43362,Sumida.Makai_Sump_Pump,9/19/18,,43362.0,FALL,2018.0,FALL_2018,,,,,,,,,,,,,,,,,,,,,
154,155.0,Sumida.Mauka_Spring_43362,Sumida.Mauka_Spring,9/19/18,,43362.0,FALL,2018.0,FALL_2018,,,,,,,,,,,,,,,,,,,,,
155,156.0,Sumida.Middle_Spring_43362,Sumida.Middle_Spring,9/19/18,,43362.0,FALL,2018.0,FALL_2018,,,,,,,,,,,,,,,,,,,,,
156,157.0,Sumida.P8_43362,Sumida.P8,9/19/18,,43362.0,FALL,2018.0,FALL_2018,,,,,,,,,,,,,,,,,,,,,
157,158.0,Bayfront_43367,Bayfront,9/24/18,7:02 AM,43367.29306,FALL,2018.0,FALL_2018,193.0,24.5,75.03333333,5.48,,23.26666667,,29.9,5.626666667,,,,,,,,,,,,
158,159.0,Honolii_43367,Honolii,9/24/18,6:13 AM,43367.25903,FALL,2018.0,FALL_2018,194.0,25.7,80.43333333,5.576666667,,28.73333333,,33.1,7.8,,,,,,,,,,,,
159,160.0,Onekahakaha_43367,Onekahakaha,9/24/18,5:49 AM,43367.24236,FALL,2018.0,FALL_2018,195.0,24.33333333,61.83333333,4.45,,25.8,,28.7,1.016666667,,,,,,,,,,,,
160,161.0,Reeds_Bay_43367,Reeds_Bay,9/24/18,6:45 AM,43367.28125,FALL,2018.0,FALL_2018,196.0,21.76666667,69.0,5.606666667,,12.9,,33.2,2.323333333,,,,,,,,,,,,
161,162.0,Richardson_43367,Richardson,9/24/18,6:30 AM,43367.27083,FALL,2018.0,FALL_2018,197.0,23.7,71.43333333,5.316666667,,22.33333333,,31.5,0.99,,,,,,,,,,,,
162,163.0,Bayfront_43375,Bayfront,10/2/18,7:03 AM,43375.29375,FALL,2018.0,FALL_2018,198.0,25.73333333,71.66666667,4.943333333,,28.63333333,,22.5,4.026666667,,,,,,,,,,,,
163,164.0,Honolii_43375,Honolii,10/2/18,5:20 AM,43375.22222,FALL,2018.0,FALL_2018,199.0,25.36666667,80.16666667,5.556666667,,29.8,,24.3,12.06666667,,,,,,,,,,,,
164,165.0,Onekahakaha_43375,Onekahakaha,10/2/18,5:47 AM,43375.24097,FALL,2018.0,FALL_2018,200.0,24.06666667,61.86666667,4.366666667,,29.0,,15.6,0.99,,,,,,,,,,,,
165,166.0,Reeds_Bay_43375,Reeds_Bay,10/2/18,6:36 AM,43375.275,FALL,2018.0,FALL_2018,201.0,20.63333333,76.1,6.34,,12.3,,18.3,1.74,,,,,,,,,,,,
166,167.0,Richardson_43375,Richardson,10/2/18,6:17 AM,43375.26181,FALL,2018.0,FALL_2018,202.0,24.76666667,73.86666667,5.18,,29.33333333,,15.4,0.703333333,,,,,,,,,,,,
167,168.0,Bayfront_43388,Bayfront,10/15/18,6:56 AM,43388.28889,FALL,2018.0,FALL_2018,203.0,24.43333333,81.86666667,6.086666667,,20.26666667,,48.8,7.573333333,,,,,,,,,,,,
168,169.0,Honolii_43388,Honolii,10/15/18,6:13 AM,43388.25903,FALL,2018.0,FALL_2018,204.0,25.4,83.23333333,5.886666667,,26.1,,44.5,24.36666667,,,,,,,,,,,,
169,170.0,Onekahakaha_43388,Onekahakaha,10/15/18,5:51 AM,43388.24375,FALL,2018.0,FALL_2018,205.0,24.76666667,57.6,4.103333333,,26.13333333,,40.9,1.793333333,,,,,,,,,,,,
170,171.0,Reeds_Bay_43388,Reeds_Bay,10/15/18,6:43 AM,43388.27986,FALL,2018.0,FALL_2018,206.0,21.7,68.06666667,5.536666667,,12.23333333,,42.2,2.5,,,,,,,,,,,,
171,172.0,Richardson_43388,Richardson,10/15/18,6:28 AM,43388.26944,FALL,2018.0,FALL_2018,207.0,25.23333333,79.06666667,5.536666667,,27.76666667,,41.1,1.036666667,,,,,,,,,,,,
172,173.0,Sumida.F2_43389,Sumida.F2,10/16/18,,43389.0,FALL,2018.0,FALL_2018,,,,,,,,,,,,,,,,,,,,,
173,174.0,Sumida.Makai_Sump_Pump_43389,Sumida.Makai_Sump_Pump,10/16/18,,43389.0,FALL,2018.0,FALL_2018,,,,,,,,,,,,,,,,,,,,,
174,175.0,Sumida.Mauka_Spring_43389,Sumida.Mauka_Spring,10/16/18,,43389.0,FALL,2018.0,FALL_2018,,,,,,,,,,,,,,,,,,,,,
175,176.0,Sumida.Middle_Spring_43389,Sumida.Middle_Spring,10/16/18,,43389.0,FALL,2018.0,FALL_2018,,,,,,,,,,,,,,,,,,,,,
176,177.0,Sumida.S8/S9_43389,Sumida.S8/S9,10/16/18,,43389.0,FALL,2018.0,FALL_2018,,,,,,,,,,,,,,,,,,,,,
177,178.0,Bayfront_43396,Bayfront,10/23/18,7:06 AM,43396.29583,FALL,2018.0,FALL_2018,208.0,24.46666667,76.66666667,5.66,,21.4,,14.9,9.92,,,,,,,,,,,,
178,179.0,Honolii_43396,Honolii,10/23/18,6:13 AM,43396.25903,FALL,2018.0,FALL_2018,209.0,25.73333333,83.8,5.783333333,,29.2,,16.9,5.806666667,,,,,,,,,,,,
179,180.0,Onekahakaha_43396,Onekahakaha,10/23/18,5:49 AM,43396.24236,FALL,2018.0,FALL_2018,210.0,23.5,66.16666667,4.966666667,,20.66666667,,18.1,1.926666667,,,,,,,,,,,,
180,181.0,Reeds_Bay_43396,Reeds_Bay,10/23/18,6:42 AM,43396.27917,FALL,2018.0,FALL_2018,211.0,21.56666667,72.56666667,5.963333333,,11.56666667,,18.1,5.73,,,,,,,,,,,,
181,182.0,Richardson_43396,Richardson,10/23/18,6:25 AM,43396.26736,FALL,2018.0,FALL_2018,212.0,23.9,73.63333333,5.42,,23.36666667,,21.7,0.623333333,,,,,,,,,,,,
182,183.0,Waimea_Ocean_Site_M1D_43398,Waimea_Ocean_Site_M1D,10/25/18,,43398.0,FALL,2018.0,FALL_2018,,,,,,,,,,,,,,,,,,,,,
183,184.0,Waimea_Ocean_Site_M1S_43398,Waimea_Ocean_Site_M1S,10/25/18,,43398.0,FALL,2018.0,FALL_2018,,,,,,,,,,,,,,,,,,,,,
184,185.0,Waimea_Ocean_Site_M3D_43398,Waimea_Ocean_Site_M2D,10/25/18,,43398.0,FALL,2018.0,FALL_2018,,,,,,,,,,,,,,,,,,,,,
185,186.0,Waimea_Ocean_Site_M3S_43398,Waimea_Ocean_Site_M2S,10/25/18,,43398.0,FALL,2018.0,FALL_2018,,,,,,,,,,,,,,,,,,,,,
186,187.0,Bayfront_43409,Bayfront,11/5/18,7:01 AM,43409.29236,FALL,2018.0,FALL_2018,213.0,24.4,87.1,6.37,,23.4,,11.0,5.51,,,0.4,104.26,8.83,1.67,,,,0.4,8.83,1.67
187,188.0,Honolii_43409,Honolii,11/5/18,6:05 AM,43409.25347,FALL,2018.0,FALL_2018,214.0,24.4,86.8,6.323333333,,23.83333333,,7.6,10.24333333,,,0.16,78.03,3.28,0.68,,,,0.16,3.28,0.68
188,189.0,Onekahakaha_43409,Onekahakaha,11/5/18,5:46 AM,43409.24028,FALL,2018.0,FALL_2018,215.0,23.96666667,67.16666667,4.876666667,,24.1,,12.8,1.133333333,,,0.09,125.97,10.03,0.9,,,,0.09,10.03,0.9
189,190.0,Reeds_Bay_43409,Reeds_Bay,11/5/18,6:42 AM,43409.27917,FALL,2018.0,FALL_2018,216.0,21.63333333,67.43333333,5.573333333,,10.86666667,,11.1,3.983333333,,,,,,,,,,,,
190,191.0,Richardson_43409,Richardson,11/5/18,7:20 AM,43409.30556,FALL,2018.0,FALL_2018,217.0,23.9,82.73333333,6.053333333,,24.5,,16.9,0.696666667,,,,,,,,,,,,
191,192.0,Bayfront_43416,Bayfront,11/12/18,6:18 AM,43416.2625,FALL,2018.0,FALL_2018,218.0,22.9,90.1,6.913333333,,19.26666667,,24.9,7.93,,,,,,,,,,,,
192,193.0,Honolii_43416,Honolii,11/12/18,6:58 AM,43416.29028,FALL,2018.0,FALL_2018,219.0,25.96666667,89.43333333,6.096666667,,30.96666667,,27.0,6.206666667,,,,,,,,,,,,
193,194.0,Onekahakaha_43416,Onekahakaha,11/12/18,7:00 AM,43416.29167,FALL,2018.0,FALL_2018,220.0,25.56666667,85.2,5.623333333,,34.06666667,,16.8,1.4,,,,,,,,,,,,
194,195.0,Puhi_Bay_43416,Puhi_Bay,11/12/18,7:10 AM,43416.29861,FALL,2018.0,FALL_2018,221.0,20.93333333,81.26666667,6.783333333,,11.23333333,,13.8,3.776666667,,,,,,,,,,,,
195,196.0,Reeds_Bay_43416,Reeds_Bay,11/12/18,6:50 AM,43416.28472,FALL,2018.0,FALL_2018,222.0,20.93333333,81.26666667,6.783333333,,11.23333333,,21.7,3.776666667,,,,,,,,,,,,
196,197.0,Richardson_43416,Richardson,11/12/18,6:25 AM,43416.26736,FALL,2018.0,FALL_2018,223.0,25.13333333,85.23333333,5.9,,30.3,,17.3,1.156666667,,,,,,,,,,,,
197,198.0,Sumida.J3_43432,Sumida.J3,11/28/18,,43432.0,WINTER,2018.0,WINTER_2018,,,,,,,,,,,,,,,,,,,,,
198,199.0,Sumida.Makai_Sump_Pump_43432,Sumida.Makai_Sump_Pump,11/28/18,,43432.0,WINTER,2018.0,WINTER_2018,,,,,,,,,,,,,,,,,,,,,
199,200.0,Sumida.Mauka_Spring_43432,Sumida.Mauka_Spring,11/28/18,,43432.0,WINTER,2018.0,WINTER_2018,,,,,,,,,,,,,,,,,,,,,
200,201.0,Sumida.Middle_Spring_43432,Sumida.Middle_Spring,11/28/18,,43432.0,WINTER,2018.0,WINTER_2018,,,,,,,,,,,,,,,,,,,,,
201,202.0,Sumida.U7_43432,Sumida.U7,11/28/18,,43432.0,WINTER,2018.0,WINTER_2018,,,,,,,,,,,,,,,,,,,,,
202,203.0,Waimea_1_43438,Waimea_1,12/4/18,12:00 AM,43438.0,WINTER,2018.0,WINTER_2018,254.0,25.2,114.3,7.46,60627.0,,8.07,,,4.83,0.19,0.1,2.37,0.57,0.97,,4.83,0.19,0.1,0.57,0.97
203,204.0,Waimea_2_43438,Waimea_2,12/4/18,12:00 AM,43438.0,WINTER,2018.0,WINTER_2018,255.0,21.8,101.8,8.8,5184.0,,7.33,,,9.95,0.09,0.08,126.13,3.74,0.06,,9.95,0.09,0.08,3.74,0.06
204,205.0,Waimea_3_43438,Waimea_3,12/4/18,12:00 AM,43438.0,WINTER,2018.0,WINTER_2018,256.0,21.9,104.3,8.97,1207.0,,7.04,,,11.23,0.08,0.03,52.07,4.03,2,,11.23,0.08,0.03,4.03,2.0
205,206.0,Waimea_4_43438,Waimea_4,12/4/18,12:00 AM,43438.0,WINTER,2018.0,WINTER_2018,257.0,22.2,115.7,10.06,171.6,,7.03,,,7.9,0.08,0.06,121.02,1.45,0.06,,7.9,0.08,0.06,1.45,0.06
206,207.0,Waimea_5_43438,Waimea_5,12/4/18,12:00 AM,43438.0,WINTER,2018.0,WINTER_2018,258.0,21.5,114.5,10.04,87.8,,7.09,,,9.09,0.08,0.03,63.06,1.45,0.06,,9.09,0.08,0.03,1.45,0.06
207,208.0,Waimea_6_43438,Waimea_6,12/4/18,12:00 AM,43438.0,WINTER,2018.0,WINTER_2018,259.0,21.4,117.5,10.39,87.5,,7.3,,,6.84,0.08,0.01,56.38,1.43,BD <0.02,,6.84,0.08,0.01,1.43,0.014142136
208,209.0,Waimea_7_43438,Waimea_7,12/4/18,12:00 AM,43438.0,WINTER,2018.0,WINTER_2018,260.0,21.4,118.4,10.39,83.3,,7.34,,,7.43,0.08,0.05,36.78,0.8,0.04,,7.43,0.08,0.05,0.8,0.04
209,210.0,Waimea_8_43438,Waimea_8,12/4/18,12:00 AM,43438.0,WINTER,2018.0,WINTER_2018,261.0,21.3,132.4,11.49,82.7,,7.28,,,7.44,0.08,0.04,106.35,0.48,BD <0.02,,7.44,0.08,0.04,0.48,0.014142136
210,211.0,Waimea_9_43438,Waimea_9,12/4/18,12:00 AM,43438.0,WINTER,2018.0,WINTER_2018,262.0,21.2,123.9,10.93,83.2,,6.98,,,8.05,0.08,0.02,75.78,0.23,BD <0.02,,8.05,0.08,0.02,0.23,0.014142136
211,212.0,Waimea_10_43438,Waimea_10,12/4/18,12:00 AM,43438.0,WINTER,2018.0,WINTER_2018,263.0,21.3,116.7,10.34,81.2,,6.78,,,63.94,0.14,0.09,85.62,0.04,BD <0.02,,63.94,0.14,0.09,0.04,0.014142136
212,213.0,Waimea_11_43438,Waimea_11,12/4/18,12:00 AM,43438.0,WINTER,2018.0,WINTER_2018,264.0,21.2,119.6,10.59,83.1,,6.82,,,5.65,0.08,0.01,62.85,0.04,BD <0.02,,5.65,0.08,0.01,0.04,0.014142136
213,214.0,Sumida.J3_43447,Sumida.J3,12/13/18,,43447.0,WINTER,2018.0,WINTER_2018,,,,,,,,,,,,,,,,,,,,,
214,215.0,Sumida.Makai_Sump_Pump_43447,Sumida.Makai_Sump_Pump,12/13/18,,43447.0,WINTER,2018.0,WINTER_2018,,,,,,,,,,,,,,,,,,,,,
215,216.0,Sumida.Mauka_Spring_43447,Sumida.Mauka_Spring,12/13/18,,43447.0,WINTER,2018.0,WINTER_2018,,,,,,,,,,,,,,,,,,,,,
216,217.0,Sumida.Middle_Spring_43447,Sumida.Middle_Spring,12/13/18,,43447.0,WINTER,2018.0,WINTER_2018,,,,,,,,,,,,,,,,,,,,,
217,218.0,Sumida.U8_Channel_43447,Sumida.U8_Channel,12/13/18,,43447.0,WINTER,2018.0,WINTER_2018,,,,,,,,,,,,,,,,,,,,,
218,219.0,Waimea_1_43447,Waimea_1,12/13/18,12:00 AM,43447.0,WINTER,2018.0,WINTER_2018,265.0,24.5,116.0,7.77,61183.0,,8.06,,,6.01,0.18,0.16,35.6,0.87,0.55,,6.01,0.18,0.16,0.87,0.55
219,220.0,Waimea_2_43447,Waimea_2,12/13/18,12:00 AM,43447.0,WINTER,2018.0,WINTER_2018,266.0,21.7,113.0,9.64,1353.0,,7.07,,,17.69,0.15,0.14,103.39,4.6,2.18,,17.69,0.15,0.14,4.6,2.18
220,221.0,Waimea_3_43447,Waimea_3,12/13/18,12:00 AM,43447.0,WINTER,2018.0,WINTER_2018,267.0,21.3,111.8,9.94,1354.0,,7.06,,,22.68,0.39,0.31,113.41,3.9,2.27,,22.68,0.39,0.31,3.9,2.27
221,222.0,Waimea_4_43447,Waimea_4,12/13/18,12:00 AM,43447.0,WINTER,2018.0,WINTER_2018,268.0,21.3,115.0,10.25,886.0,,7.01,,,13.5,0.17,0.11,99.91,3.1,1.55,,13.5,0.17,0.11,3.1,1.55
222,223.0,Waimea_5_43447,Waimea_5,12/13/18,12:00 AM,43447.0,WINTER,2018.0,WINTER_2018,269.0,21.3,118.2,10.47,91.8,,6.96,,,14.33,0.1,0.08,89.57,2.81,0.87,,14.33,0.1,0.08,2.81,0.87
223,224.0,Waimea_6_43447,Waimea_6,12/13/18,12:00 AM,43447.0,WINTER,2018.0,WINTER_2018,270.0,21.2,133.5,11.71,91.3,,7.04,,,12.43,0.1,0.08,89.42,2.8,0.63,,12.43,0.1,0.08,2.8,0.63
224,225.0,Waimea_7_43447,Waimea_7,12/13/18,12:00 AM,43447.0,WINTER,2018.0,WINTER_2018,271.0,21.1,122.4,10.91,88.9,,6.92,,,10.67,0.09,0.07,85.06,1.23,0.67,,10.67,0.09,0.07,1.23,0.67
225,226.0,Waimea_8_43447,Waimea_8,12/13/18,12:00 AM,43447.0,WINTER,2018.0,WINTER_2018,272.0,21.0,124.2,11.03,88.9,,6.93,,,10.83,0.09,0.05,76.9,1.28,0.51,,10.83,0.09,0.05,1.28,0.51
226,227.0,Waimea_9_43447,Waimea_9,12/13/18,12:00 AM,43447.0,WINTER,2018.0,WINTER_2018,273.0,20.9,121.0,10.76,87.6,,7.46,,,12.38,0.1,0.09,103.04,0.96,0.51,,12.38,0.1,0.09,0.96,0.51
227,228.0,Waimea_10_43447,Waimea_10,12/13/18,12:00 AM,43447.0,WINTER,2018.0,WINTER_2018,274.0,20.9,127.2,11.3,84.9,,6.96,,,8.17,0.09,0.03,64.48,0.95,0.4,,8.17,0.09,0.03,0.95,0.4
228,229.0,Waimea_11_43447,Waimea_11,12/13/18,12:00 AM,43447.0,WINTER,2018.0,WINTER_2018,275.0,20.9,121.1,10.79,87.5,,7.22,,,9.18,0.08,0.02,48.62,1.07,0.4,,9.18,0.08,0.02,1.07,0.4
229,230.0,KalepaA.muliwai_43476,KalepaA.muliwai,1/11/19,12:00 AM,43476.0,WINTER,2019.0,WINTER_2018,331.0,25.73,105.97,7.69,34434.0,,6.05,,,95.7,,2.51,,83.32,7.8,134.1,95.7,,2.51,83.32,7.8
230,231.0,KalepaB.Kope.muliwai_43476,KalepaB.Kope.muliwai,1/11/19,12:00 AM,43476.0,WINTER,2019.0,WINTER_2018,330.0,23.73,55.97,4.37,24512.33,,7.55,,,37.3,,2.87,,4.26,12.41,356.7,37.3,,2.87,4.26,12.41
231,232.0,Kapoho.fishpond_43476,Kapoho.fishpond,1/11/19,,43476.0,WINTER,2019.0,WINTER_2018,,,,,,,,,,,,,,,,,,,,,
232,233.0,Kapoho.village_43476,Kapoho.village,1/11/19,,43476.0,WINTER,2019.0,WINTER_2018,,,,,,,,,,,,,,,,,,,,,
233,234.0,Waihee.muliwai_43476,Waihee.muliwai,1/11/19,12:00 AM,43476.0,WINTER,2019.0,WINTER_2018,332.0,19.98,124.4,11.32,85.42,,7.35,,,BDL<5,,0.34,,2.18,1.28,54.9,3.5,,0.34,2.18,1.28
234,235.0,Nohoana.Auwai.low_43479,Nohoana.Auwai.low,1/14/19,12:00 AM,43479.0,WINTER,2019.0,WINTER_2018,335.0,18.37,134.47,12.63,109.73,0.05,7.55,,,11.1,,0.74,,8.7,1.59,45.9,11.1,,0.74,8.7,1.59
235,236.0,Nohoana.Auwai.up_43479,Nohoana.Auwai.up,1/14/19,12:00 AM,43479.0,WINTER,2019.0,WINTER_2018,336.0,18.6,127.15,11.89,135.5,0.06,6.74,,,10.7,,0.74,,8.47,2.18,46.6,10.7,,0.74,8.47,2.18
236,237.0,Nohoana.Hoiwai_43479,Nohoana.Hoiwai,1/14/19,12:00 AM,43479.0,WINTER,2019.0,WINTER_2018,337.0,19.0,129.1,11.97,135.4,0.06,7.65,,,10.2,,0.88,,8.44,1.77,73.3,10.2,,0.88,8.44,1.77
237,238.0,Nohoana.loi.A_43479,Nohoana.loi.A,1/14/19,,43479.0,WINTER,2019.0,WINTER_2018,,,,,,,,,,,,,,,,,,,,,
238,239.0,Nohoana.loi.B_43479,Nohoana.loi.B,1/14/19,,43479.0,WINTER,2019.0,WINTER_2018,,,,,,,,,,,,,,,,,,,,,
239,240.0,Nohoana.loi.C_43479,Nohoana.loi.C,1/14/19,,43479.0,WINTER,2019.0,WINTER_2018,,,,,,,,,,,,,,,,,,,,,
240,241.0,Waiehu.Auwai.Low.Loi.E_43479,Waiehu.Auwai.Low.Loi.E,1/14/19,12:00 AM,43479.0,WINTER,2019.0,WINTER_2018,333.0,21.5,98.3,8.67,92.1,0.04,5.98,,,14.9,,0.93,,2.31,4.33,144.1,14.9,,0.93,2.31,4.33
241,242.0,Waiehu.loi.A_43479,Waiehu.loi.A,1/14/19,,43479.0,WINTER,2019.0,WINTER_2018,,,,,,,,,,,,,,,,,,,,,
242,243.0,Waiehu.loi.Auwai.Pipe_43479,Waiehu.loi.Auwai.Pipe,1/14/19,12:00 AM,43479.0,WINTER,2019.0,WINTER_2018,334.0,19.2,175.6,16.21,87.0,0.04,7.2,,,BDL<5,,0.62,,2.53,0.64,51.4,3.5,,0.62,2.53,0.64
243,244.0,Waiehu.loi.B_43479,Waiehu.loi.B,1/14/19,,43479.0,WINTER,2019.0,WINTER_2018,,,,,,,,,,,,,,,,,,,,,
244,245.0,Waiehu.loi.C_43479,Waiehu.loi.C,1/14/19,,43479.0,WINTER,2019.0,WINTER_2018,,,,,,,,,,,,,,,,,,,,,
245,246.0,Waiehu.loi.D_43479,Waiehu.loi.D,1/14/19,,43479.0,WINTER,2019.0,WINTER_2018,,,,,,,,,,,,,,,,,,,,,
246,247.0,Waiehu.loi.E_43479,Waiehu.loi.E,1/14/19,,43479.0,WINTER,2019.0,WINTER_2018,,,,,,,,,,,,,,,,,,,,,
247,248.0,Waikapu.stream_43479,Waikapu.stream,1/14/19,12:00 AM,43479.0,WINTER,2019.0,WINTER_2018,338.0,18.2,121.17,11.43,135.4,0.06,7.19,,,9.5,,0.49,,7.27,1.16,52.5,9.5,,0.49,7.27,1.16
248,249.0,Honolua.Kahawai.uka_43480,Honolua.Kahawai.uka,1/15/19,12:00 AM,43480.0,WINTER,2019.0,WINTER_2018,324.0,18.73,116.73,10.81,77.9,0.04,6.59,,,BDL<5,,0.06,,1.03,1.71,73.3,3.5,,0.06,1.03,1.71
249,250.0,Honolua.Kai_43480,Honolua.Kai,1/15/19,12:00 AM,43480.0,WINTER,2019.0,WINTER_2018,325.0,19.63,64.97,5.86,103.37,0.05,6.23,,,7.6,,0.21,,1.93,3.86,162.6,7.6,,0.21,1.93,3.86
250,251.0,Honolua.Kamaloi_43480,Honolua.Kamaloi,1/15/19,12:00 AM,43480.0,WINTER,2019.0,WINTER_2018,326.0,18.8,120.07,11.18,77.9,0.04,6.59,,,BDL<5,,0.13,,2.27,1.67,124.2,3.5,,0.13,2.27,1.67
251,252.0,Honolua.Loi.1_43480,Honolua.Loi.1,1/15/19,,43480.0,WINTER,2019.0,WINTER_2018,,,,,,,,,,,,,,,,,,,,,
252,253.0,Honolua.Loi.2_43480,Honolua.Loi.2,1/15/19,,43480.0,WINTER,2019.0,WINTER_2018,,,,,,,,,,,,,,,,,,,,,
253,254.0,Honolua.Loi.3_43480,Honolua.Loi.3,1/15/19,,43480.0,WINTER,2019.0,WINTER_2018,,,,,,,,,,,,,,,,,,,,,
254,255.0,Honolua.Loi.4_43480,Honolua.Loi.4,1/15/19,,43480.0,WINTER,2019.0,WINTER_2018,,,,,,,,,,,,,,,,,,,,,
255,256.0,Honolua.Loi.5_43480,Honolua.Loi.5,1/15/19,,43480.0,WINTER,2019.0,WINTER_2018,,,,,,,,,,,,,,,,,,,,,
256,257.0,Honolua.Loi.6_43480,Honolua.Loi.6,1/15/19,,43480.0,WINTER,2019.0,WINTER_2018,,,,,,,,,,,,,,,,,,,,,
257,258.0,Honolua.Loi.7_43480,Honolua.Loi.7,1/15/19,,43480.0,WINTER,2019.0,WINTER_2018,,,,,,,,,,,,,,,,,,,,,
258,259.0,Honolua.Loi.8_43480,Honolua.Loi.8,1/15/19,,43480.0,WINTER,2019.0,WINTER_2018,,,,,,,,,,,,,,,,,,,,,
259,260.0,Honolua.Loi.9_43480,Honolua.Loi.9,1/15/19,,43480.0,WINTER,2019.0,WINTER_2018,,,,,,,,,,,,,,,,,,,,,
260,261.0,Honolua.Loi.10_43480,Honolua.Loi.10,1/15/19,,43480.0,WINTER,2019.0,WINTER_2018,,,,,,,,,,,,,,,,,,,,,
261,262.0,Honolua.Loi.11_43480,Honolua.Loi.11,1/15/19,,43480.0,WINTER,2019.0,WINTER_2018,,,,,,,,,,,,,,,,,,,,,
262,263.0,Honolua.Loi.12_43480,Honolua.Loi.12,1/15/19,,43480.0,WINTER,2019.0,WINTER_2018,,,,,,,,,,,,,,,,,,,,,
263,264.0,Bog.0m_43481,Bog.0m,1/16/19,,43481.0,WINTER,2019.0,WINTER_2018,,,,,,,,,,,,,,,,,,,,,
264,265.0,Bog.100m_43481,Bog.100m,1/16/19,,43481.0,WINTER,2019.0,WINTER_2018,,,,,,,,,,,,,,,,,,,,,
265,266.0,Bog.300m_43481,Bog.300m,1/16/19,,43481.0,WINTER,2019.0,WINTER_2018,,,,,,,,,,,,,,,,,,,,,
266,267.0,Bog.400m_43481,Bog.400m,1/16/19,,43481.0,WINTER,2019.0,WINTER_2018,,,,,,,,,,,,,,,,,,,,,
267,268.0,Bog.500m_43481,Bog.500m,1/16/19,,43481.0,WINTER,2019.0,WINTER_2018,,,,,,,,,,,,,,,,,,,,,
268,269.0,Bog.600m_43481,Bog.600m,1/16/19,,43481.0,WINTER,2019.0,WINTER_2018,,,,,,,,,,,,,,,,,,,,,
269,270.0,Bog.700m_43481,Bog.700m,1/16/19,,43481.0,WINTER,2019.0,WINTER_2018,,,,,,,,,,,,,,,,,,,,,
270,271.0,Bog.800m_43481,Bog.800m,1/16/19,,43481.0,WINTER,2019.0,WINTER_2018,,,,,,,,,,,,,,,,,,,,,
271,272.0,Bog.900m_43481,Bog.900m,1/16/19,,43481.0,WINTER,2019.0,WINTER_2018,,,,,,,,,,,,,,,,,,,,,
272,273.0,Bog.1000m_43481,Bog.1000m,1/16/19,,43481.0,WINTER,2019.0,WINTER_2018,,,,,,,,,,,,,,,,,,,,,
273,274.0,Bog.1100m_43481,Bog.1100m,1/16/19,,43481.0,WINTER,2019.0,WINTER_2018,,,,,,,,,,,,,,,,,,,,,
274,275.0,Bog.1200m_43481,Bog.1200m,1/16/19,,43481.0,WINTER,2019.0,WINTER_2018,,,,,,,,,,,,,,,,,,,,,
275,276.0,Bog.1300m_43481,Bog.1300m,1/16/19,,43481.0,WINTER,2019.0,WINTER_2018,,,,,,,,,,,,,,,,,,,,,
276,277.0,Bog.1400m_43481,Bog.1400m,1/16/19,,43481.0,WINTER,2019.0,WINTER_2018,,,,,,,,,,,,,,,,,,,,,
277,278.0,Bog.1500m_43481,Bog.1500m,1/16/19,,43481.0,WINTER,2019.0,WINTER_2018,,,,,,,,,,,,,,,,,,,,,
278,279.0,Bog.1600m_43481,Bog.1600m,1/16/19,,43481.0,WINTER,2019.0,WINTER_2018,,,,,,,,,,,,,,,,,,,,,
279,280.0,Bog.1700m_43481,Bog.1700m,1/16/19,,43481.0,WINTER,2019.0,WINTER_2018,,,,,,,,,,,,,,,,,,,,,
280,281.0,Bog.1800m_43481,Bog.1800m,1/16/19,,43481.0,WINTER,2019.0,WINTER_2018,,,,,,,,,,,,,,,,,,,,,
281,282.0,Bog.1900m_43481,Bog.1900m,1/16/19,,43481.0,WINTER,2019.0,WINTER_2018,,,,,,,,,,,,,,,,,,,,,
282,283.0,Bog.2000m_43481,Bog.2000m,1/16/19,,43481.0,WINTER,2019.0,WINTER_2018,,,,,,,,,,,,,,,,,,,,,
283,284.0,Bog.2100m_43481,Bog.2100m,1/16/19,,43481.0,WINTER,2019.0,WINTER_2018,,,,,,,,,,,,,,,,,,,,,
284,285.0,Bog.2200m_43481,Bog.2200m,1/16/19,,43481.0,WINTER,2019.0,WINTER_2018,,,,,,,,,,,,,,,,,,,,,
285,286.0,Bog.2300m_43481,Bog.2300m,1/16/19,,43481.0,WINTER,2019.0,WINTER_2018,,,,,,,,,,,,,,,,,,,,,
286,287.0,Bog.2500m_43481,Bog.2500m,1/16/19,,43481.0,WINTER,2019.0,WINTER_2018,,,,,,,,,,,,,,,,,,,,,
287,288.0,Bog.2600m_43481,Bog.2600m,1/16/19,,43481.0,WINTER,2019.0,WINTER_2018,,,,,,,,,,,,,,,,,,,,,
288,289.0,Bog.2700m_43481,Bog.2700m,1/16/19,,43481.0,WINTER,2019.0,WINTER_2018,,,,,,,,,,,,,,,,,,,,,
289,290.0,Kiowaiokihawahina_43481,Kiowaiokihawahina,1/16/19,12:00 AM,43481.0,WINTER,2019.0,WINTER_2018,328.0,14.0,88.2,9.0,34.6,0.01,4.08,,,5.5,,0.08,,1.23,0.65,260.3,5.5,,0.08,1.23,0.65
290,291.0,Pristine.Lehua.Bog.1400m_43481,Pristine.Lehua.Bog.1400m,1/16/19,,43481.0,WINTER,2019.0,WINTER_2018,,,,,,,,,,,,,,,,,,,,,
291,292.0,Summit.wai.200m.300m_43481,Summit.wai.200m.300m,1/16/19,12:00 AM,43481.0,WINTER,2019.0,WINTER_2018,329.0,11.6,76.5,8.15,167.4,0.08,4.17,,,36.9,,0.16,,1.24,2.51,1118.0,36.9,,0.16,1.24,2.51
292,293.0,Olona.grove_43482,Olona.grove,1/17/19,,43482.0,WINTER,2019.0,WINTER_2018,,,,,,,,,,,,,,,,,,,,,
293,294.0,Lahina.Mokuula_43483,Lahina.Mokuula,1/18/19,12:00 AM,43483.0,WINTER,2019.0,WINTER_2018,327.0,26.8,39.1,3.05,8457.0,4.69,7.63,,,12.3,,3.17,,2.31,8.78,74.1,12.3,,3.17,2.31,8.78
294,295.0,Koholalele_Kai_43486,Koholalele_Kai,1/21/19,,43486.0,WINTER,2019.0,WINTER_2018,,,,,,,,,,,,,,,,,,,,,
295,296.0,Kalapahapuu_43491,Kalapahapuu,1/26/19,10:00 AM,43491.41667,WINTER,2019.0,WINTER_2018,342.0,,,,,,,,,65.02,2.5,0.08,,37.87,ND<0.36,414.17,65.02,2.5,0.08,37.87,0.25
296,297.0,Koholalele_Kai_43491,Koholalele_Kai,1/26/19,10:30 AM,43491.4375,WINTER,2019.0,WINTER_2018,350.0,,,,,,,,,13.66,ND<0.25,ND<0.03,,0.51,ND<0.03,109.54,13.66,0.18,0.02,0.51,0.02
297,298.0,Lepelau_43491,Lepelau,1/26/19,9:45 AM,43491.40625,WINTER,2019.0,WINTER_2018,371.0,,,,,,,,,46.87,ND<0.25,0.08,,29.86,ND<0.36,345.2,46.87,0.18,0.08,29.86,0.25
298,299.0,Waihalulu_43491,Waihalulu,1/26/19,11:00 AM,43491.45833,WINTER,2019.0,WINTER_2018,379.0,,,,,,,,,11.53,0.58,0.2,,4.12,ND<0.36,70.84,11.53,0.58,0.2,4.12,0.25
299,300.0,Sumida.J3_43494,Sumida.J3,1/29/19,,43494.0,WINTER,2019.0,WINTER_2018,,,,,,,,,,,,,,,,,,,,,
300,301.0,Sumida.Makai_Sump_Pump_43494,Sumida.Makai_Sump_Pump,1/29/19,,43494.0,WINTER,2019.0,WINTER_2018,,,,,,,,,,,,,,,,,,,,,
301,302.0,Sumida.Mauka_Spring_43494,Sumida.Mauka_Spring,1/29/19,,43494.0,WINTER,2019.0,WINTER_2018,,,,,,,,,,,,,,,,,,,,,
302,303.0,Sumida.Middle_Spring_43494,Sumida.Middle_Spring,1/29/19,,43494.0,WINTER,2019.0,WINTER_2018,,,,,,,,,,,,,,,,,,,,,
303,304.0,Sumida.R7_43494,Sumida.R7,1/29/19,,43494.0,WINTER,2019.0,WINTER_2018,,,,,,,,,,,,,,,,,,,,,
304,305.0,Honolii_43507,Honolii,2/11/19,7:05 AM,43507.29514,WINTER,2019.0,WINTER_2018,224.0,23.16666667,87.63333333,6.183333333,,33.13333333,,45.9,8.496666667,,,,,,,,,,,,
305,306.0,Puhi_Bay_43507,Puhi_Bay,2/11/19,6:49 AM,43507.28403,WINTER,2019.0,WINTER_2018,225.0,20.36666667,83.76666667,6.833333333,,17.16666667,,41.6,28.4,,,,,,,,,,,,
306,307.0,Reeds_Bay_43507,Reeds_Bay,2/11/19,7:22 AM,43507.30694,WINTER,2019.0,WINTER_2018,226.0,19.1,86.16666667,7.2,,10.3,,45.9,0.796666667,,,,,,,,,,,,
307,308.0,Kalapahapuu_43516,Kalapahapuu,2/20/19,4:45 PM,43516.69792,WINTER,2019.0,WINTER_2018,343.0,,,,,,,,,51.36,0.53,0.07,,13.8,ND<0.36,234.16,51.36,0.53,0.07,13.8,0.25
308,309.0,Koholalele_Kai_43516,Koholalele_Kai,2/20/19,5:15 PM,43516.71875,WINTER,2019.0,WINTER_2018,351.0,,,,,,,,,13.21,ND<0.25,ND<0.03,,ND<0.07,ND<0.03,110.87,13.21,0.18,0.02,0.05,0.02
309,310.0,Lepelau_43516,Lepelau,2/20/19,4:30 PM,43516.6875,WINTER,2019.0,WINTER_2018,372.0,,,,,,,,,63.46,1.19,0.07,,32.06,ND<0.36,283.3,63.46,1.19,0.07,32.06,0.25
310,311.0,Waihalulu_43516,Waihalulu,2/20/19,5:45 PM,43516.73958,WINTER,2019.0,WINTER_2018,380.0,,,,,,,,,7.49,ND<0.25,0.05,,0.68,ND<0.36,57.75,7.49,0.18,0.05,0.68,0.25
311,312.0,Honolii_43521,Honolii,2/25/19,7:22 AM,43521.30694,WINTER,2019.0,WINTER_2018,227.0,22.71666667,103.25,7.696666667,,25.16666667,,51.6,4.855,,,,,,,,,,,,
312,313.0,Onekahakaha_43521,Onekahakaha,2/25/19,12:00 AM,43521.0,WINTER,2019.0,WINTER_2018,228.0,22.1,81.76666667,6.236666667,,22.7,,48.1,1.423333333,,,,,,,,,,,,
313,314.0,Reeds_Bay_43521,Reeds_Bay,2/25/19,12:00 AM,43521.0,WINTER,2019.0,WINTER_2018,229.0,21.3,91.26666667,7.506666667,,12.76666667,,51.8,1.026666667,,,,,,,,,,,,
314,315.0,Richardson_43521,Richardson,2/25/19,12:00 AM,43521.0,WINTER,2019.0,WINTER_2018,230.0,22.15,93.1,7.11,,22.7,,47.9,0.35,,,,,,,,,,,,
315,315.0,Richardson_43521,Richardson,2/25/19,12:00 AM,43521.0,WINTER,2019.0,WINTER_2018,231.0,22.0,93.8,7.21,,22.0,,47.9,0.66,,,,,,,,,,,,
316,316.0,Sumida.D4_43524,Sumida.D4,2/28/19,,43524.0,WINTER,2019.0,WINTER_2018,,,,,,,,,,,,,,,,,,,,,
317,317.0,Sumida.Makai_Sump_Pump_43524,Sumida.Makai_Sump_Pump,2/28/19,,43524.0,WINTER,2019.0,WINTER_2018,,,,,,,,,,,,,,,,,,,,,
318,318.0,Sumida.Mauka_Spring_43524,Sumida.Mauka_Spring,2/28/19,,43524.0,WINTER,2019.0,WINTER_2018,,,,,,,,,,,,,,,,,,,,,
319,319.0,Sumida.Middle_Spring_43524,Sumida.Middle_Spring,2/28/19,,43524.0,WINTER,2019.0,WINTER_2018,,,,,,,,,,,,,,,,,,,,,
320,320.0,Sumida.S8_43524,Sumida.S8,2/28/19,,43524.0,WINTER,2019.0,WINTER_2018,,,,,,,,,,,,,,,,,,,,,
321,321.0,Koholalele_Kai_43545,Koholalele_Kai,3/21/19,4:30 PM,43545.6875,SPRING,2019.0,SPRING_2019,352.0,,,,,,,,,36.53,ND<0.25,ND<0.03,,3.77,1.1,178.1,36.53,0.18,0.02,3.77,1.1
322,322.0,Waihalulu_43545,Waihalulu,3/21/19,5:00 PM,43545.70833,SPRING,2019.0,SPRING_2019,381.0,,,,,,,,,11.51,0.49,0.24,,0.94,ND<0.36,68.28,11.51,0.49,0.24,0.94,0.25
323,323.0,Sumida.Makai_Sump_Pump_43552,Sumida.Makai_Sump_Pump,3/28/19,,43552.0,SPRING,2019.0,SPRING_2019,,,,,,,,,,,,,,,,,,,,,
324,324.0,Sumida.Mauka_Spring_43552,Sumida.Mauka_Spring,3/28/19,,43552.0,SPRING,2019.0,SPRING_2019,,,,,,,,,,,,,,,,,,,,,
325,325.0,Sumida.Middle_Spring_43552,Sumida.Middle_Spring,3/28/19,,43552.0,SPRING,2019.0,SPRING_2019,,,,,,,,,,,,,,,,,,,,,
326,326.0,Kalapahapuu_43569,Kalapahapuu,4/14/19,4:45 PM,43569.69792,SPRING,2019.0,SPRING_2019,344.0,,,,,,,,,135.5,ND<0.25,0.03,,4.34,56.44,239.5,135.5,0.18,0.03,4.34,56.44
327,327.0,Koholalele_Kai_43569,Koholalele_Kai,4/14/19,5:15 PM,43569.71875,SPRING,2019.0,SPRING_2019,353.0,,,,,,,,,22.38,ND<0.25,ND<0.03,,0.39,1.47,148.6,22.38,0.18,0.02,0.39,1.47
328,328.0,Lepelau_43569,Lepelau,4/14/19,4:30 PM,43569.6875,SPRING,2019.0,SPRING_2019,373.0,,,,,,,,,50.37,0.38,0.12,,3.98,7.39,399.9,50.37,0.38,0.12,3.98,7.39
329,329.0,Waihalulu_43569,Waihalulu,4/14/19,5:45 PM,43569.73958,SPRING,2019.0,SPRING_2019,382.0,,,,,,,,,61.89,0.59,0.09,,1.6,16.42,367.8,61.89,0.59,0.09,1.6,16.42
330,330.0,Sumida.Makai_Sump_Pump_43579,Sumida.Makai_Sump_Pump,4/24/19,,43579.0,SPRING,2019.0,SPRING_2019,,,,,,,,,,,,,,,,,,,,,
331,331.0,Sumida.Mauka_Spring_43579,Sumida.Mauka_Spring,4/24/19,,43579.0,SPRING,2019.0,SPRING_2019,,,,,,,,,,,,,,,,,,,,,
332,332.0,Sumida.Middle_Spring_43579,Sumida.Middle_Spring,4/24/19,,43579.0,SPRING,2019.0,SPRING_2019,,,,,,,,,,,,,,,,,,,,,
333,333.0,Koholalele_43601,Koholalele,5/16/19,12:00 AM,43601.0,SPRING,2019.0,SPRING_2019,349.0,,,,,,,,,24.93,ND<0.25,ND<0.03,,3.9,0.96,152.0,24.93,0.18,0.02,3.9,0.96
334,334.0,Koholalele_Kai_43601,Koholalele_Kai,5/16/19,,43601.0,SPRING,2019.0,SPRING_2019,,,,,,,,,,,,,,,,,,,,,
335,335.0,Waihalulu_43601,Waihalulu,5/16/19,,43601.0,SPRING,2019.0,SPRING_2019,,,,,,,,,,,,,,,,,,,,,
336,336.0,Waihaluu_43601,Waihalulu,5/16/19,5:00 PM,43601.70833,SPRING,2019.0,SPRING_2019,383.0,,,,,,,,,25.4,0.37,0.18,,2.03,4.78,83.65,25.4,0.37,0.18,2.03,4.78
337,337.0,KalepaB.Kope.muliwai_43625,KalepaB.Kope.muliwai,6/9/19,12:00 AM,43625.0,SUMMER,2019.0,SUMMER_2019,276.0,27.5,49.9,3.87,717.0,0.35,7.5,,,60.65,0.93,0.86,617.6,45.88,BD <0.02,,60.65,0.93,0.86,45.88,0.014142136
338,338.0,Waiehu.Auwai.Low.Loi.E_43625,Waiehu.Auwai.Low.Loi.E,6/9/19,12:00 AM,43625.0,SUMMER,2019.0,SUMMER_2019,281.0,32.1,90.0,6.1,74.0,0.03,6.84,,,8.8,0.59,0.51,364.13,0.04,2.32,,8.8,0.59,0.51,0.04,2.32
339,339.0,Waiehu.loi.Auwai.Pipe_43625,Waiehu.loi.Auwai.Pipe,6/9/19,12:00 AM,43625.0,SUMMER,2019.0,SUMMER_2019,280.0,25.0,138.5,11.25,73.0,0.03,7.08,,,5.51,0.71,0.68,367.74,0.09,1.65,,5.51,0.71,0.68,0.09,1.65
340,340.0,Waihee.muliwai.1_43625,Waihee.muliwai.1,6/9/19,12:00 AM,43625.0,SUMMER,2019.0,SUMMER_2019,277.0,24.5,134.9,11.255,74.85,0.03,7.56,,,5.68,0.56,0.5,355.04,0.06,2.47,,5.68,0.56,0.5,0.06,2.47
341,341.0,Waihee.muliwai.2_43625,Waihee.muliwai.2,6/9/19,12:00 AM,43625.0,SUMMER,2019.0,SUMMER_2019,278.0,24.9,142.05,11.76,74.9,0.03,7.65,,,4.08,0.54,0.49,345.47,0.03,1.81,,4.08,0.54,0.49,0.03,1.81
342,342.0,Waihee.muliwai.3_43625,Waihee.muliwai.3,6/9/19,12:00 AM,43625.0,SUMMER,2019.0,SUMMER_2019,279.0,25.75,140.1,11.425,75.2,0.03,7.85,,,4.53,0.56,0.51,345.87,0.29,1.18,,4.53,0.56,0.51,0.29,1.18
343,343.0,Honokohau.crossing_43626,Honokohau.crossing,6/10/19,12:00 AM,43626.0,SUMMER,2019.0,SUMMER_2019,284.0,23.9,109.6,9.11,91.25,,7.67,,,6.6,0.6,0.55,393.69,1.01,0.65,,6.6,0.6,0.55,1.01,0.65
344,344.0,Honokohau.loi.hoi_43626,Honokohau.loi.hoi,6/10/19,12:00 AM,43626.0,SUMMER,2019.0,SUMMER_2019,285.0,24.1,113.3,9.49,90.9,,7.84,,,3.87,0.48,0.39,393.81,0.01,0.38,,3.87,0.48,0.39,0.01,0.38
345,345.0,Honokohau.muliwai_43626,Honokohau.muliwai,6/10/19,12:00 AM,43626.0,SUMMER,2019.0,SUMMER_2019,283.0,25.5,106.15,8.695,93.45,,7.935,,,4.33,0.46,0.35,367.24,0.09,0.56,,4.33,0.46,0.35,0.09,0.56
346,346.0,Honolua.kaawai.uka.t24.N_43626,Honolua.kaawai.uka.t24.N,6/10/19,12:00 AM,43626.0,SUMMER,2019.0,SUMMER_2019,289.0,,,,,,,,,8.16,0.14,0.09,170.61,0.02,0.9,,8.16,0.14,0.09,0.02,0.9
347,347.0,Honolua.kahwai.uka.1.K_43626,Honolua.kahwai.uka.1.K,6/10/19,12:00 AM,43626.0,SUMMER,2019.0,SUMMER_2019,286.0,23.3,131.2,11.145,66.25,0.03,6.97,,,8.28,0.22,0.13,178.95,0.23,0.89,,8.28,0.22,0.13,0.23,0.89
348,348.0,Honolua.kahwai.uka.2.L_43626,Honolua.kahwai.uka.2.L,6/10/19,12:00 AM,43626.0,SUMMER,2019.0,SUMMER_2019,287.0,24.0,110.3,9.215,66.0,0.03,7.295,,,9.75,0.17,0.11,178.48,0.1,1.02,,9.75,0.17,0.11,0.1,1.02
349,349.0,Honolua.kahwai.uka.3.M_43626,Honolua.kahwai.uka.3.M,6/10/19,12:00 AM,43626.0,SUMMER,2019.0,SUMMER_2019,288.0,24.1,144.2,12.065,65.1,0.03,6.81,,,8.24,0.2,0.14,167.11,0.37,0.82,,8.24,0.2,0.14,0.37,0.82
350,350.0,Mokuleia.Punawai_43626,Mokuleia.Punawai,6/10/19,12:00 AM,43626.0,SUMMER,2019.0,SUMMER_2019,282.0,18.2,98.05,9.2,934.5,,8.965,,,91.52,2.48,2.03,566.06,74.68,1.31,,91.52,2.48,2.03,74.68,1.31
351,351.0,Honokohau.Bowl_43627,Honokohau.Bowl,6/11/19,12:00 AM,43627.0,SUMMER,2019.0,SUMMER_2019,307.0,,,,,,,,,11.48,0.41,0.22,120.36,5.54,0.09,,11.48,0.41,0.22,5.54,0.09
352,352.0,Honokohau.Right.bowl_43627,Honokohau.Right.bowl,6/11/19,12:00 AM,43627.0,SUMMER,2019.0,SUMMER_2019,309.0,,,,,,,,,13.17,0.78,0.59,171.13,6.52,4.23,,13.17,0.78,0.59,6.52,4.23
353,353.0,Honokohau.Right.wall_43627,Honokohau.Right.wall,6/11/19,12:00 AM,43627.0,SUMMER,2019.0,SUMMER_2019,308.0,,,,,,,,,12.51,0.4,0.25,186.69,10.34,BD <0.02,,12.51,0.4,0.25,10.34,0.014142136
354,354.0,Honokohau.Transect.1.O_43627,Honokohau.Transect.1.O,6/11/19,12:00 AM,43627.0,SUMMER,2019.0,SUMMER_2019,290.0,19.7,112.55,10.4,83.25,0.04,7.775,,,6.5,0.62,0.42,405.93,0.05,4.18,,6.5,0.62,0.42,0.05,4.18
355,355.0,Honokohau.Transect.6.P_43627,Honokohau.Transect.6.P,6/11/19,12:00 AM,43627.0,SUMMER,2019.0,SUMMER_2019,291.0,19.85,110.05,10.0,83.65,0.04,7.68,,,7.2,0.68,0.53,433.23,0.52,3.46,,7.2,0.68,0.53,0.52,3.46
356,356.0,Honokohau.Transect.15.Q_43627,Honokohau.Transect.15.Q,6/11/19,12:00 AM,43627.0,SUMMER,2019.0,SUMMER_2019,295.0,20.7,104.4,9.52,79.2,0.04,8.0,,,5.66,0.47,0.44,422.33,0.02,1.68,,5.66,0.47,0.44,0.02,1.68
357,357.0,Honokohau.USGS.gauge.upstream_43627,Honokohau.USGS.gauge.upstream,6/11/19,12:00 AM,43627.0,SUMMER,2019.0,SUMMER_2019,306.0,,,,,,,,,4.82,0.48,0.33,193.96,0.01,1.13,,4.82,0.48,0.33,0.01,1.13
358,358.0,Nohoana.Auwai.low_43628,Nohoana.Auwai.low,6/12/19,,43628.0,SUMMER,2019.0,SUMMER_2019,,,,,,,,,,,,,,,,,,,,,
359,359.0,Nohoana.Auwai.up_43628,Nohoana.Auwai.up,6/12/19,12:00 AM,43628.0,SUMMER,2019.0,SUMMER_2019,316.0,21.45,79.95,6.935,122.4,0.06,7.575,,,15.04,0.92,0.87,532.6,9.18,BD <0.02,,15.04,0.92,0.87,9.18,0.014142136
360,360.0,Nohoana.Hoiwai_43628,Nohoana.Hoiwai,6/12/19,12:00 AM,43628.0,SUMMER,2019.0,SUMMER_2019,317.0,24.3,115.75,9.55,120.7,0.06,8.55,,,9.43,0.61,0.48,484.91,4.74,BD <0.02,,9.43,0.61,0.48,4.74,0.014142136
361,361.0,Olowalu.8.Mauka.beta_43628,Olowalu.8.Mauka.beta,6/12/19,12:00 AM,43628.0,SUMMER,2019.0,SUMMER_2019,311.0,24.2,142.35,11.86,244.9,0.11,8.235,,,7,0.85,0.77,629.99,2.41,BD <0.02,,7.0,0.85,0.77,2.41,0.014142136
362,362.0,Olowalu.bridge.gamma_43628,Olowalu.bridge.gamma,6/12/19,12:00 AM,43628.0,SUMMER,2019.0,SUMMER_2019,312.0,25.35,139.0,11.33,242.35,0.11,8.025,,,8.42,0.87,0.82,617.91,3.55,BD <0.02,,8.42,0.87,0.82,3.55,0.014142136
363,363.0,Waikapu.Kealia.muliwai_43628,Waikapu.Kealia.muliwai,6/12/19,12:00 AM,43628.0,SUMMER,2019.0,SUMMER_2019,310.0,28.8,128.8,9.735,1665.5,0.835,8.14,,,,,,,,,,,,,,
364,364.0,Waikapu.poowai_43628,Waikapu.poowai,6/12/19,12:00 AM,43628.0,SUMMER,2019.0,SUMMER_2019,313.0,19.9,112.85,10.255,122.0,0.06,7.69,,,8.23,0.73,0.71,562.07,3.4,2.2,,8.23,0.73,0.71,3.4,2.2
365,365.0,Waikapu.Shimizu_43628,Waikapu.Shimizu,6/12/19,12:00 AM,43628.0,SUMMER,2019.0,SUMMER_2019,314.0,20.1,105.35,9.82,121.65,0.06,7.605,,,10.57,0.78,0.75,561.63,7.25,BD <0.02,,10.57,0.78,0.75,7.25,0.014142136
366,366.0,Waikapu.stream_43628,Waikapu.stream,6/12/19,12:00 AM,43628.0,SUMMER,2019.0,SUMMER_2019,315.0,20.4,113.4,10.11,122.9,0.06,7.835,,,10.29,0.77,0.74,558.8,5.83,0.03,,10.29,0.77,0.74,5.83,0.03
367,367.0,Honolua.bay.left.muliwai_43629,Honolua.bay.left.muliwai,6/13/19,12:00 AM,43629.0,SUMMER,2019.0,SUMMER_2019,323.0,,,,,,,,,4.68,0.18,0.11,22.52,0.33,0.21,,4.68,0.18,0.11,0.33,0.21
368,368.0,Honolua.bay.middle_43629,Honolua.bay.middle,6/13/19,12:00 AM,43629.0,SUMMER,2019.0,SUMMER_2019,322.0,,,,,,,,,5.53,0.21,0.09,6.27,0.22,0.17,,5.53,0.21,0.09,0.22,0.17
369,369.0,Honolua.bay.right.side_43629,Honolua.bay.right.side,6/13/19,12:00 AM,43629.0,SUMMER,2019.0,SUMMER_2019,321.0,,,,,,,,,5.51,0.17,0.06,8.01,0.02,BD <0.02,,5.51,0.17,0.06,0.02,0.014142136
370,370.0,Kohoma.crossing_43629,Kohoma.crossing,6/13/19,12:00 AM,43629.0,SUMMER,2019.0,SUMMER_2019,320.0,21.5,141.25,12.37,75.2,0.035,7.21,,,11.37,0.69,0.6,445.81,7.93,BD <0.02,,11.37,0.69,0.6,7.93,0.014142136
371,371.0,Kohoma.mauka_43629,Kohoma.mauka,6/13/19,12:00 AM,43629.0,SUMMER,2019.0,SUMMER_2019,319.0,20.9,141.9,12.625,78.7,0.04,7.32,,,12.64,0.71,0.65,451.65,8.63,BD <0.02,,12.64,0.71,0.65,8.63,0.014142136
372,372.0,Launiupoko.mauka_43629,Launiupoko.mauka,6/13/19,12:00 AM,43629.0,SUMMER,2019.0,SUMMER_2019,318.0,22.9,139.45,11.98,89.8,0.04,7.73,,,5.55,0.37,0.36,477.12,2.27,BD <0.02,,5.55,0.37,0.36,2.27,0.014142136
373,373.0,Koholalele_Kai_43630,Koholalele_Kai,6/14/19,4:30 PM,43630.6875,SUMMER,2019.0,SUMMER_2019,354.0,,,,,,,,,65.03,ND<0.25,ND<0.03,,13.15,12.31,205.2,65.03,0.18,0.02,13.15,12.31
374,374.0,HEEIA_MULIWAI_43641,HEEIA_MULIWAI,6/25/19,,43641.0,SUMMER,2019.0,SUMMER_2019,,,,,,,,,,,,,,,,,,,,,
375,375.0,HEEIA_MULIWAI_S3T1,HEEIA_MULIWAI,6/25/19,10:13 AM,43641.42569,SUMMER,2019.0,SUMMER_2019,33.0,29.25,106.05,6.705,52073.5,34.15,7.82,,,,,,,,,,,,,,
376,376.0,HEEIA_MULIWAI_S3T2,HEEIA_MULIWAI,6/25/19,11:31 AM,43641.48021,SUMMER,2019.0,SUMMER_2019,34.0,30.45,118.0,7.24,51020.0,33.175,7.83,36.0,,,,,,,,,,,,,
377,377.0,HEEIA_MULIWAI_S3T3,HEEIA_MULIWAI,6/25/19,12:48 PM,43641.53333,SUMMER,2019.0,SUMMER_2019,35.0,30.7,129.5,7.975,51055.0,33.15,7.835,24.5,,,,,,,,,,,,,
378,378.0,HEEIA_MULIWAI_S3T4,HEEIA_MULIWAI,6/25/19,2:38 PM,43641.61007,SUMMER,2019.0,SUMMER_2019,36.0,31.35,142.4,8.455,47471.0,31.065,7.82,36.5,,,,,,,,,,,,,
379,379.0,HIHIMANU_43641,HIHIMANU,6/25/19,,43641.0,SUMMER,2019.0,SUMMER_2019,,,,,,,,,,,,,,,,,,,,,
380,380.0,HIHIMANU_S4T1,HIHIMANU,6/25/19,10:38 AM,43641.44306,SUMMER,2019.0,SUMMER_2019,1.0,28.5,127.2,7.96,48828.66667,31.83,7.846666667,,,,,,,,,,,,,,
381,381.0,HIHIMANU_S4T2,HIHIMANU,6/25/19,11:56 AM,43641.49769,SUMMER,2019.0,SUMMER_2019,2.0,29.73333333,120.0,7.51,48795.66667,31.71666667,7.873333333,35.0,,,,,,,,,,,,,
382,382.0,HIHIMANU_S4T3,HIHIMANU,6/25/19,1:11 PM,43641.54977,SUMMER,2019.0,SUMMER_2019,3.0,30.16666667,130.6333333,8.12,48881.33333,31.78,2470.94,31.0,,,,,,,,,,,,,
383,383.0,HIHIMANU_S4T4,HIHIMANU,6/25/19,3:01 PM,43641.62593,SUMMER,2019.0,SUMMER_2019,4.0,30.8,121.3666667,8.596666667,44659.33333,30.28666667,7.896666667,26.0,,,,,,,,,,,,,
384,384.0,KEALOHI_43641,KEALOHI,6/25/19,,43641.0,SUMMER,2019.0,SUMMER_2019,,,,,,,,,,,,,,,,,,,,,
385,385.0,KEALOHI_S2T1,KEALOHI,6/25/19,10:03 AM,43641.41875,SUMMER,2019.0,SUMMER_2019,17.0,28.15,109.0,8.555,51702.0,33.915,7.9,,,,,,,,,,,,,,
386,386.0,KEALOHI_S2T2,KEALOHI,6/25/19,11:20 AM,43641.47222,SUMMER,2019.0,SUMMER_2019,18.0,28.75,114.0,7.385,47527.5,30.74,7.86,25.0,,,,,,,,,,,,,
387,387.0,KEALOHI_S2T3,KEALOHI,6/25/19,12:36 PM,43641.52535,SUMMER,2019.0,SUMMER_2019,19.0,28.7,94.7,6.32,43747.5,28.53,7.8,24.5,,,,,,,,,,,,,
388,388.0,KEALOHI_S2T4,KEALOHI,6/25/19,2:28 PM,43641.60278,SUMMER,2019.0,SUMMER_2019,20.0,29.65,105.6,7.055,42174.5,26.94,7.865,38.5,,,,,,,,,,,,,
389,389.0,WAIKOLU_43641,WAIKOLU,6/25/19,,43641.0,SUMMER,2019.0,SUMMER_2019,,,,,,,,,,,,,,,,,,,,,
390,390.0,WAIKOLU_S1T1,WAIKOLU,6/25/19,9:46 AM,43641.40729,SUMMER,2019.0,SUMMER_2019,49.0,26.05,55.0,4.445,174.45,0.08,6.57,,,,,,,,,,,,,,
391,391.0,WAIKOLU_S1T2,WAIKOLU,6/25/19,11:08 AM,43641.46424,SUMMER,2019.0,SUMMER_2019,50.0,27.9,60.6,4.68,195.4,0.09,6.705,21.0,,,,,,,,,,,,,
392,392.0,WAIKOLU_S1T3,WAIKOLU,6/25/19,12:22 PM,43641.51563,SUMMER,2019.0,SUMMER_2019,51.0,28.6,61.9,4.795,200.05,0.09,7.005,20.0,,,,,,,,,,,,,
393,393.0,WAIKOLU_S1T4,WAIKOLU,6/25/19,2:10 PM,43641.59028,SUMMER,2019.0,SUMMER_2019,52.0,28.25,66.9,5.115,201.25,0.09,7.22,23.0,,,,,,,,,,,,,
394,394.0,HEEIA_MULIWAI_43648,HEEIA_MULIWAI,7/2/19,,43648.0,SUMMER,2019.0,SUMMER_2019,,,,,,,,,,,,,,,,,,,,,
395,395.0,HEEIA_MULIWAI_S3T01,HEEIA_MULIWAI,7/2/19,8:03 AM,43648.33542,SUMMER,2019.0,SUMMER_2019,37.0,25.75,98.9,7.645,15543.5,9.055,7.185,13.0,,,,,,,,,,,,,
396,396.0,HEEIA_MULIWAI_S3T02,HEEIA_MULIWAI,7/2/19,10:34 AM,43648.44028,SUMMER,2019.0,SUMMER_2019,38.0,28.6,94.3,6.88,15598.0,9.075,7.56,18.0,,,,,,,,,,,,,
397,397.0,HEEIA_MULIWAI_S3T03,HEEIA_MULIWAI,7/2/19,1:48 PM,43648.575,SUMMER,2019.0,SUMMER_2019,39.0,31.35,177.4,11.205,38923.5,24.98,8.04,66.0,,,,,,,,,,,,,
398,398.0,HEEIA_MULIWAI_S3T04,HEEIA_MULIWAI,7/2/19,3:42 PM,43648.65417,SUMMER,2019.0,SUMMER_2019,40.0,30.35,156.05,9.885,48519.5,31.615,8.03,85.0,,,,,,,,,,,,,
399,399.0,HEEIA_MULIWAI_S3T05,HEEIA_MULIWAI,7/2/19,6:40 PM,43648.77778,SUMMER,2019.0,SUMMER_2019,41.0,29.9,128.5,8.145,50037.5,32.655,7.865,62.5,,,,,,,,,,,,,
400,400.0,HEEIA_MULIWAI_S3T06,HEEIA_MULIWAI,7/2/19,10:27 PM,43648.93542,SUMMER,2019.0,SUMMER_2019,42.0,28.35,120.1,7.93,30383.0,18.725,7.585,38.0,,,,,,,,,,,,,
401,401.0,HIHIMANU_43648,HIHIMANU,7/2/19,,43648.0,SUMMER,2019.0,SUMMER_2019,,,,,,,,,,,,,,,,,,,,,
402,402.0,HIHIMANU_S4T01,HIHIMANU,7/2/19,8:26 AM,43648.35139,SUMMER,2019.0,SUMMER_2019,5.0,28.4,94.13333333,6.103333333,47221.66667,30.61666667,7.736666667,21.5,,,,,,,,,,,,,
403,403.0,HIHIMANU_S4T02,HIHIMANU,7/2/19,10:57 AM,43648.45625,SUMMER,2019.0,SUMMER_2019,6.0,30.16666667,124.6,7.76,47158.66667,30.51,7.873333333,21.66666667,,,,,,,,,,,,,
404,404.0,HIHIMANU_S4T03,HIHIMANU,7/2/19,2:00 PM,43648.58333,SUMMER,2019.0,SUMMER_2019,7.0,31.2,180.7333333,11.01,50109.0,32.63,8.05,58.0,,,,,,,,,,,,,
405,405.0,HIHIMANU_S4T04,HIHIMANU,7/2/19,4:08 PM,43648.67222,SUMMER,2019.0,SUMMER_2019,8.0,31.75,199.15,12.33,49613.0,32.265,8.225,56.0,,,,,,,,,,,,,
406,406.0,HIHIMANU_S4T05,HIHIMANU,7/2/19,7:35 PM,43648.81597,SUMMER,2019.0,SUMMER_2019,9.0,30.13333333,153.9666667,9.706666667,48990.0,31.79666667,8.146666667,56.0,,,,,,,,,,,,,
407,407.0,HIHIMANU_S4T06,HIHIMANU,7/2/19,10:48 PM,43648.95,SUMMER,2019.0,SUMMER_2019,10.0,29.0,132.5666667,8.226666667,46054.0,29.81333333,8.126666667,46.33333333,,,,,,,,,,,,,
408,408.0,KEALOHI_43648,KEALOHI,7/2/19,,43648.0,SUMMER,2019.0,SUMMER_2019,,,,,,,,,,,,,,,,,,,,,
409,409.0,KEALOHI_S2T01,KEALOHI,7/2/19,7:53 AM,43648.32847,SUMMER,2019.0,SUMMER_2019,21.0,26.4,107.45,7.25,44096.5,28.41,7.795,19.0,,,,,,,,,,,,,
410,410.0,KEALOHI_S2T02,KEALOHI,7/2/19,10:19 AM,43648.42986,SUMMER,2019.0,SUMMER_2019,22.0,29.0,124.6,8.275,41311.5,26.34,7.755,12.0,,,,,,,,,,,,,
411,411.0,KEALOHI_S2T03,KEALOHI,7/2/19,1:33 PM,43648.56493,SUMMER,2019.0,SUMMER_2019,23.0,29.1,151.55,9.75,49545.5,32.405,7.99,41.5,,,,,,,,,,,,,
412,412.0,KEALOHI_S2T04,KEALOHI,7/2/19,3:33 PM,43648.64792,SUMMER,2019.0,SUMMER_2019,24.0,29.2,158.2,10.065,51839.0,33.94,7.995,77.0,,,,,,,,,,,,,
413,413.0,KEALOHI_S2T05,KEALOHI,7/2/19,6:52 PM,43648.78611,SUMMER,2019.0,SUMMER_2019,25.0,30.4,172.85,11.385,37482.0,24.05,8.14,62.0,,,,,,,,,,,,,
414,414.0,KEALOHI_S2T06,KEALOHI,7/2/19,10:32 PM,43648.93889,SUMMER,2019.0,SUMMER_2019,26.0,29.95,106.2,6.475,48907.5,31.585,7.915,32.0,,,,,,,,,,,,,
415,415.0,WAIKOLU_43648,WAIKOLU,7/2/19,,43648.0,SUMMER,2019.0,SUMMER_2019,,,,,,,,,,,,,,,,,,,,,
416,416.0,WAIKOLU_S1T01,WAIKOLU,7/2/19,7:36 AM,43648.31667,SUMMER,2019.0,SUMMER_2019,53.0,25.6,34.9,2.79,214.7,0.1,6.58,27.5,,,,,,,,,,,,,
417,417.0,WAIKOLU_S1T02,WAIKOLU,7/2/19,10:05 AM,43648.42014,SUMMER,2019.0,SUMMER_2019,54.0,28.15,45.4,3.595,220.4,0.105,7.545,23.0,,,,,,,,,,,,,
418,418.0,WAIKOLU_S1T03,WAIKOLU,7/2/19,1:11 PM,43648.54931,SUMMER,2019.0,SUMMER_2019,55.0,29.95,38.5,2.87,219.9,0.1,7.1,19.0,,,,,,,,,,,,,
419,419.0,WAIKOLU_S1T04,WAIKOLU,7/2/19,4:24 PM,43648.68333,SUMMER,2019.0,SUMMER_2019,56.0,28.56666667,10.67333333,143.18,268.3,0.126666667,7.676666667,23.0,,,,,,,,,,,,,
420,420.0,WAIKOLU_S1T05,WAIKOLU,7/2/19,8:22 PM,43648.84896,SUMMER,2019.0,SUMMER_2019,57.0,26.2,29.75,2.285,245.05,0.115,7.46,21.5,,,,,,,,,,,,,
421,421.0,WAIKOLU_S1T06,WAIKOLU,7/2/19,10:15 PM,43648.92708,SUMMER,2019.0,SUMMER_2019,58.0,25.5,28.1,2.17,224.5,0.1,7.55,19.0,,,,,,,,,,,,,
422,421.0,WAIKOLU_S1T06,WAIKOLU,7/2/19,10:15 PM,43648.92708,SUMMER,2019.0,SUMMER_2019,59.0,25.2,30.4,2.38,236.4,0.11,7.56,17.0,,,,,,,,,,,,,
423,422.0,HEEIA_MULIWAI_43649,HEEIA_MULIWAI,7/3/19,,43649.0,SUMMER,2019.0,SUMMER_2019,,,,,,,,,,,,,,,,,,,,,
424,423.0,HEEIA_MULIWAI_S3T07,HEEIA_MULIWAI,7/3/19,2:01 AM,43649.08403,SUMMER,2019.0,SUMMER_2019,43.0,27.1,75.6,5.39,29541.0,18.135,7.25,22.0,,,,,,,,,,,,,
425,424.0,HEEIA_MULIWAI_S3T08,HEEIA_MULIWAI,7/3/19,6:35 AM,43649.27431,SUMMER,2019.0,SUMMER_2019,44.0,26.6,71.2,5.065,31032.5,19.25,7.465,12.5,,,,,,,,,,,,,
426,425.0,HEEIA_MULIWAI_S3T09,HEEIA_MULIWAI,7/3/19,8:41 AM,43649.36181,SUMMER,2019.0,SUMMER_2019,45.0,26.95,82.8,5.985,25913.0,15.69,7.3,12.0,,,,,,,,,,,,,
427,426.0,HEEIA_MULIWAI_S3T10,HEEIA_MULIWAI,7/3/19,12:07 PM,43649.50486,SUMMER,2019.0,SUMMER_2019,46.0,33.3,172.3,10.735,35951.5,22.805,7.96,41.5,,,,,,,,,,,,,
428,427.0,HEEIA_MULIWAI_S3T11,HEEIA_MULIWAI,7/3/19,2:38 PM,43649.60972,SUMMER,2019.0,SUMMER_2019,47.0,31.6,169.6,10.65,45946.0,29.475,8.02,75.0,,,,,,,,,,,,,
429,428.0,HEEIA_MULIWAI_S3T12,HEEIA_MULIWAI,7/3/19,3:31 PM,43649.64653,SUMMER,2019.0,SUMMER_2019,48.0,31.6,171.4,10.66,46669.5,30.16,7.96,62.0,,,,,,,,,,,,,
430,429.0,HIHIMANU_43649,HIHIMANU,7/3/19,,43649.0,SUMMER,2019.0,SUMMER_2019,,,,,,,,,,,,,,,,,,,,,
431,430.0,HIHIMANU_S4T07,HIHIMANU,7/3/19,2:36 AM,43649.10833,SUMMER,2019.0,SUMMER_2019,11.0,29.5,56.56666667,4.203333333,48322.33333,31.39333333,7.766666667,44.33333333,,,,,,,,,,,,,
432,431.0,HIHIMANU_S4T08,HIHIMANU,7/3/19,6:57 AM,43649.28958,SUMMER,2019.0,SUMMER_2019,12.0,27.63333333,73.93333333,5.036666667,36369.0,22.87666667,7.646666667,23.33333333,,,,,,,,,,,,,
433,432.0,HIHIMANU_S4T09,HIHIMANU,7/3/19,9:05 AM,43649.37847,SUMMER,2019.0,SUMMER_2019,13.0,31.46666667,82.03333333,4.986666667,48506.66667,31.44666667,7.726666667,24.33333333,,,,,,,,,,,,,
434,433.0,HIHIMANU_S4T10,HIHIMANU,7/3/19,12:35 PM,43649.52431,SUMMER,2019.0,SUMMER_2019,14.0,32.13333333,181.8,11.2,46318.0,29.92,8.02,26.33333333,,,,,,,,,,,,,
435,434.0,HIHIMANU_S4T11,HIHIMANU,7/3/19,3:03 PM,43649.62708,SUMMER,2019.0,SUMMER_2019,15.0,31.03333333,186.8333333,11.59666667,50811.0,33.13,8.053333333,71.66666667,,,,,,,,,,,,,
436,435.0,HIHIMANU_S4T12,HIHIMANU,7/3/19,3:56 PM,43649.66389,SUMMER,2019.0,SUMMER_2019,16.0,31.16666667,191.4333333,11.79,50933.66667,33.27666667,8.07,,,,,,,,,,,,,,
437,436.0,KEALOHI_43649,KEALOHI,7/3/19,,43649.0,SUMMER,2019.0,SUMMER_2019,,,,,,,,,,,,,,,,,,,,,
438,437.0,KEALOHI_S2T07,KEALOHI,7/3/19,2:17 AM,43649.09514,SUMMER,2019.0,SUMMER_2019,27.0,27.5,109.05,7.445,43991.5,28.29,8.06,39.5,,,,,,,,,,,,,
439,438.0,KEALOHI_S2T08,KEALOHI,7/3/19,6:44 AM,43649.28056,SUMMER,2019.0,SUMMER_2019,28.0,26.85,89.95,6.33,40939.0,26.375,7.965,23.5,,,,,,,,,,,,,
440,439.0,KEALOHI_S2T09,KEALOHI,7/3/19,8:55 AM,43649.37153,SUMMER,2019.0,SUMMER_2019,29.0,29.25,46.1,2.91,44938.0,28.945,7.66,17.0,,,,,,,,,,,,,
441,440.0,KEALOHI_S2T10,KEALOHI,7/3/19,11:59 AM,43649.49931,SUMMER,2019.0,SUMMER_2019,30.0,29.95,144.8,9.315,45020.5,29.03,7.495,17.0,,,,,,,,,,,,,
442,441.0,KEALOHI_S2T11,KEALOHI,7/3/19,2:28 PM,43649.60278,SUMMER,2019.0,SUMMER_2019,31.0,29.5,157.0,1.885,49810.0,32.505,7.965,45.0,,,,,,,,,,,,,
443,442.0,KEALOHI_S2T12,KEALOHI,7/3/19,3:39 PM,43649.65208,SUMMER,2019.0,SUMMER_2019,32.0,29.7,149.5,9.47,50140.0,32.715,8.0,62.0,,,,,,,,,,,,,
444,443.0,WAIKOLU_43649,WAIKOLU,7/3/19,,43649.0,SUMMER,2019.0,SUMMER_2019,,,,,,,,,,,,,,,,,,,,,
445,444.0,WAIKOLU_S1T07,WAIKOLU,7/3/19,4:08 AM,43649.17257,SUMMER,2019.0,SUMMER_2019,60.0,25.35,23.55,1.81,252.75,0.12,7.66,21.0,,,,,,,,,,,,,
446,445.0,WAIKOLU_S1T08,WAIKOLU,7/3/19,7:30 AM,43649.3125,SUMMER,2019.0,SUMMER_2019,61.0,25.5,23.0,1.785,246.3,0.115,7.49,22.5,,,,,,,,,,,,,
447,446.0,WAIKOLU_S1T09,WAIKOLU,7/3/19,10:09 AM,43649.42292,SUMMER,2019.0,SUMMER_2019,62.0,28.6,43.45,3.125,223.7,0.105,7.515,21.0,,,,,,,,,,,,,
448,447.0,WAIKOLU_S1T10,WAIKOLU,7/3/19,12:58 PM,43649.54063,SUMMER,2019.0,SUMMER_2019,63.0,31.95,35.65,2.455,295.7,0.14,7.425,24.5,,,,,,,,,,,,,
449,448.0,WAIKOLU_S1T11,WAIKOLU,7/3/19,2:47 PM,43649.61632,SUMMER,2019.0,SUMMER_2019,64.0,31.55,20.95,1.495,273.95,0.125,7.375,24.0,,,,,,,,,,,,,
450,449.0,WAIKOLU_S1T12,WAIKOLU,7/3/19,3:23 PM,43649.64097,SUMMER,2019.0,SUMMER_2019,65.0,32.2,32.7,2.32,225.2,0.1,7.24,17.0,,,,,,,,,,,,,
451,450.0,Papahana.AUWAI_43656,Papahana.AUWAI,7/10/19,12:00 AM,43656.0,SUMMER,2019.0,SUMMER_2019,66.0,22.55,154.9,13.325,197.65,0.09,7.435,,,,,,,,,,,,,,
452,450.0,Papahana.AUWAI_43656,Papahana.AUWAI,7/10/19,12:00 AM,43656.0,SUMMER,2019.0,SUMMER_2019,67.0,22.1,149.3,14.235,189.2,0.09,7.2,,,,,,,,,,,,,,
453,450.0,Papahana.AUWAI_43656,Papahana.AUWAI,7/10/19,12:00 AM,43656.0,SUMMER,2019.0,SUMMER_2019,68.0,23.35,136.55,11.87,195.9,0.09,7.33,,,,,,,,,,,,,,
454,451.0,Papahana.HOI_43656,Papahana.HOI,7/10/19,12:00 AM,43656.0,SUMMER,2019.0,SUMMER_2019,69.0,24.2,165.3,13.175,196.35,0.09,7.375,,,,,,,,,,,,,,
455,452.0,Papahana.KAHAWAI_1_43656,Papahana.KAHAWAI_1,7/10/19,12:00 AM,43656.0,SUMMER,2019.0,SUMMER_2019,71.0,21.8,158.25,14.065,155.1,0.07,7.59,,,,,,,,,,,,,,
456,453.0,Papahana.KAHAWAI_2_43656,Papahana.KAHAWAI_2,7/10/19,12:00 AM,43656.0,SUMMER,2019.0,SUMMER_2019,72.0,22.8,161.65,13.625,158.05,0.07,7.775,,,,,,,,,,,,,,
457,454.0,Papahana.KAHAWAI_3_43656,Papahana.KAHAWAI_3,7/10/19,12:00 AM,43656.0,SUMMER,2019.0,SUMMER_2019,73.0,23.95,157.15,13.04,159.9,0.07,7.78,,,,,,,,,,,,,,
458,455.0,PUNAWAI_WELL_43656,PUNAWAI_WELL,7/10/19,12:00 AM,43656.0,SUMMER,2019.0,SUMMER_2019,70.0,20.75,157.85,14.045,180.7,0.08,7.67,,,,,,,,,,,,,,
459,455.0,PUNAWAI_WELL_43656,PUNAWAI_WELL,7/10/19,12:00 AM,43656.0,SUMMER,2019.0,SUMMER_2019,74.0,21.93333333,143.4,12.37666667,348.0666667,0.166666667,8.02,,,,,,,,,,,,,,
460,456.0,DOCK_43657,DOCK,7/11/19,12:00 AM,43657.0,SUMMER,2019.0,SUMMER_2019,75.0,30.9,163.9,11.225,34209.5,21.03,8.025,,,,,,,,,,,,,,
461,457.0,HAU_43657,HAU,7/11/19,12:00 AM,43657.0,SUMMER,2019.0,SUMMER_2019,76.0,29.9,169.85,11.225,31780.5,19.065,7.945,,,,,,,,,,,,,,
462,458.0,HIHIMANU_43657,HIHIMANU,7/11/19,12:00 AM,43657.0,SUMMER,2019.0,SUMMER_2019,77.0,31.3,232.75,14.295,47100.0,30.435,8.155,,,,,,,,,,,,,,
463,459.0,KAHOOKELE_43657,KAHOOKELE,7/11/19,12:00 AM,43657.0,SUMMER,2019.0,SUMMER_2019,78.0,31.55,184.4,11.68,48261.0,31.34,8.06,,,,,,,,,,,,,,
464,460.0,WAIKOLU_43657,WAIKOLU,7/11/19,,43657.0,SUMMER,2019.0,SUMMER_2019,,,,,,,,,,,,,,,,,,,,,
465,461.0,KKO_S1.AUWAI_1_43658,KKO_S1.AUWAI_1,7/12/19,12:00 AM,43658.0,SUMMER,2019.0,SUMMER_2019,79.0,24.8,34.25,2.815,230.25,0.11,7.135,,,,,,,,,,,,,,
466,462.0,KKO_S2.LOI_HOI_1_43658,KKO_S2.LOI_HOI_1,7/12/19,12:00 AM,43658.0,SUMMER,2019.0,SUMMER_2019,,,,,,,,,,,,,,,,,,,,,
467,463.0,KKO_S3.AUWAI_DAM_43658,KKO_S3.AUWAI_DAM,7/12/19,12:00 AM,43658.0,SUMMER,2019.0,SUMMER_2019,80.0,23.65,115.85,9.62,181.5,0.08,7.32,,,,,,,,,,,,,,
468,464.0,KKO_S4.NEW_LOI_AUWAI_43658,KKO_S4.NEW_LOI_AUWAI,7/12/19,12:00 AM,43658.0,SUMMER,2019.0,SUMMER_2019,,,,,,,,,,,,,,,,,,,,,
469,465.0,KKO_S5.EXIT_AUWAI_43658,KKO_S5.EXIT_AUWAI,7/12/19,12:00 AM,43658.0,SUMMER,2019.0,SUMMER_2019,81.0,29.9,16.3,1.545,340.3,0.17,2.135,,,,,,,,,,,,,,
470,466.0,KKO_S6.LOI_3_43658,KKO_S6.LOI_3,7/12/19,12:00 AM,43658.0,SUMMER,2019.0,SUMMER_2019,84.0,27.6,110.8,8.805,230.55,0.11,6.805,,,,,,,,,,,,,,
471,467.0,Koholalele_Kai_43663,Koholalele_Kai,7/17/19,4:45 PM,43663.69792,SUMMER,2019.0,SUMMER_2019,355.0,,,,,,,,,23.59,0.51,0.25,,0.53,0.67,192.7,23.59,0.51,0.25,0.53,0.67
472,468.0,Waihalulu_43663,Waihalulu,7/17/19,,43663.0,SUMMER,2019.0,SUMMER_2019,,,,,,,,,,,,,,,,,,,,,
473,469.0,Waihaluu_43663,Waihalulu,7/17/19,4:15 PM,43663.67708,SUMMER,2019.0,SUMMER_2019,384.0,,,,,,,,,21.37,0.58,0.33,,1.35,ND<0.36,179.9,21.37,0.58,0.33,1.35,0.25
474,470.0,Buzz_43665,Buzz,7/19/19,12:00 AM,43665.0,SUMMER,2019.0,SUMMER_2019,85.0,26.4,124.8,8.78,32.3,20.1,8.07,,,,,,,,,,,,,,
475,471.0,Hamakua_43665,Hamakua,7/19/19,12:00 AM,43665.0,SUMMER,2019.0,SUMMER_2019,86.0,33.3,7.8,0.39,32.3,19.96,7.46,,,,,,,,,,,,,,
476,472.0,Kaha_43665,Kaha,7/19/19,12:00 AM,43665.0,SUMMER,2019.0,SUMMER_2019,91.0,26.2,60.8,4.67,7964.0,4.4,7.1,,,,,,,,,,,,,,
477,473.0,Ulupo.Hoi_43665,Ulupo.Hoi,7/19/19,12:00 AM,43665.0,SUMMER,2019.0,SUMMER_2019,89.0,27.7,145.0,10.04,911.0,0.44,7.08,,,,,,,,,,,,,,
478,474.0,Ulupo.Kawainui_43665,Ulupo.Kawainui,7/19/19,12:00 AM,43665.0,SUMMER,2019.0,SUMMER_2019,87.0,26.9,9.6,0.68,509.0,0.24,7.81,,,,,,,,,,,,,,
479,475.0,Ulupo.Kawainui_pipe_43665,Ulupo.Kawainui_pipe,7/19/19,12:00 AM,43665.0,SUMMER,2019.0,SUMMER_2019,88.0,26.6,147.6,11.83,497.0,0.24,7.91,,,,,,,,,,,,,,
480,476.0,Ulupo.Spring_43665,Ulupo.Spring,7/19/19,12:00 AM,43665.0,SUMMER,2019.0,SUMMER_2019,90.0,25.6,121.6,9.41,595.0,0.29,7.08,,,,,,,,,,,,,,
481,477.0,Koholalele_Kai_43718,Koholalele_Kai,9/10/19,3:45 PM,43718.65625,FALL,2019.0,FALL_2019,356.0,,,,,,,,,21.39,0.51,0.1,,0.46,2.59,145.93,21.39,0.51,0.1,0.46,2.59
482,478.0,Lepelau_43718,Lepelau,9/10/19,10:00 AM,43718.41667,FALL,2019.0,FALL_2019,374.0,,,,,,,,,69.59,1.31,0.16,,0.86,3.72,1045.2,69.59,1.31,0.16,0.86,3.72
483,479.0,Waihalulu_43718,Waihalulu,9/10/19,1:30 PM,43718.5625,FALL,2019.0,FALL_2019,385.0,,,,,,,,,6.06,0.59,0.18,,1.04,0.6,46.48,6.06,0.59,0.18,1.04,0.6
484,480.0,Koholalele_Kai_43755,Koholalele_Kai,10/17/19,12:30 PM,43755.52083,FALL,2019.0,FALL_2019,357.0,,,,,,,,,15.08,0.58,0.11,,0.57,ND<0.36,190.55,15.08,0.58,0.11,0.57,0.25
485,481.0,Waihalulu_43755,Waihalulu,10/17/19,9:15 AM,43755.38542,FALL,2019.0,FALL_2019,386.0,,,,,,,,,19.15,0.72,0.15,,2.23,6.39,116.36,19.15,0.72,0.15,2.23,6.39
486,482.0,Koholalele_Kai_43780,Koholalele_Kai,11/11/19,10:45 AM,43780.44792,FALL,2019.0,FALL_2019,358.0,,,,,,,,,21.58,0.27,0.04,,0.59,0.7,488.1,21.58,0.27,0.04,0.59,0.7
487,483.0,Waihalulu_43780,Waihalulu,11/11/19,2:30 PM,43780.60417,FALL,2019.0,FALL_2019,387.0,,,,,,,,,42.33,0.36,0.21,,0.96,23.93,293.3,42.33,0.36,0.21,0.96,23.93
488,484.0,Waipunalau_Pakii_43780,Waipunalau_Pakii,11/11/19,3:00 PM,43780.625,FALL,2019.0,FALL_2019,400.0,,,,,,,,,12.58,0.42,0.1,,2.54,ND<0.36,435.7,12.58,0.42,0.1,2.54,0.25
489,485.0,Lepelau_43795,Lepelau,11/26/19,10:30 AM,43795.4375,WINTER,2019.0,WINTER_2019,375.0,,,,,,,,,198.1,2.81,0.04,,119.85,8.16,110900.0,198.1,2.81,0.04,119.85,8.16
490,486.0,Waihalulu_43811,Waihalulu,12/12/19,11:15 AM,43811.46875,WINTER,2019.0,WINTER_2019,388.0,,,,,,,,,29.77,ND<0.25,0.07,,0.61,18.46,147.0,29.77,0.18,0.07,0.61,18.46
491,487.0,Koholalele_Kai_43812,Koholalele_Kai,12/13/19,1:45 PM,43812.57292,WINTER,2019.0,WINTER_2019,359.0,,,,,,,,,12.98,ND<0.25,0.05,,0.39,ND<0.36,177.9,12.98,0.18,0.05,0.39,0.25
492,488.0,Buzz_43815,Buzz,12/16/19,12:00 AM,43815.0,WINTER,2019.0,WINTER_2019,100.0,23.8,102.8,8.18,14996.0,8.78,8.12,,,10.08597271,1.13,1.069294378,457.81,5.98,0.11,,10.08597271,1.13,1.069294378,5.98,0.11
493,489.0,Hamakua_43815,Hamakua,12/16/19,12:00 AM,43815.0,WINTER,2019.0,WINTER_2019,98.0,27.2,7.0,0.52,17382.0,10.2,7.55,,,45.61,3.53,1.91,350.5,0.27,11.57,,45.61,3.53,1.91,0.27,11.57
494,490.0,Kaha_43815,Kaha,12/16/19,12:00 AM,43815.0,WINTER,2019.0,WINTER_2019,105.0,26.5,31.1,2.2,49125.0,32.16,7.02,,,12.41180638,0.39,0.374231196,541.21,0.37,2.59,,12.41180638,0.39,0.374231196,0.37,2.59
495,491.0,Kaleos_House_43815,Kaleos_House,12/16/19,12:00 AM,43815.0,WINTER,2019.0,WINTER_2019,120.0,22.2,138.9,12.13,185.7,0.09,7.52,,,7.24,0.52,0.48,653.9,0.9,BD <0.02,,7.24,0.52,0.48,0.9,0.014142136
496,492.0,Mauka_Lunahai_43815,Mauka_Lunahai,12/16/19,12:00 AM,43815.0,WINTER,2019.0,WINTER_2019,119.0,22.2,175.4,14.02,186.2,0.09,6.7,,,7.24,0.52,0.48,653.9,1.98,0.14,,7.24,0.52,0.48,1.98,0.14
497,493.0,Maunawili_Falls_Trailhead_43815,Maunawili_Falls_Trailhead,12/16/19,12:00 AM,43815.0,WINTER,2019.0,WINTER_2019,101.0,21.9,162.0,14.2,80.8,0.04,7.56,,,40.63,1.59,0.99,113.46,15.54,0.36,,40.63,1.59,0.99,15.54,0.36
498,494.0,Pikoakea_43815,Pikoakea,12/16/19,12:00 AM,43815.0,WINTER,2019.0,WINTER_2019,92.0,20.6,129.5,11.63,21.8,0.01,7.44,,,7.11,0.87,0.85,567.1,4.39,BD <0.02,,7.11,0.87,0.85,4.39,0.014142136
499,495.0,Sherines_House_43815,Sherines_House,12/16/19,12:00 AM,43815.0,WINTER,2019.0,WINTER_2019,107.0,26.2,60.0,3.6,48770.0,31.88,7.43,,,16.22531402,0.83,0.767337578,565.67,0.84,1.13,,16.22531402,0.83,0.767337578,0.84,1.13
500,496.0,Ulupo.Hoi_43815,Ulupo.Hoi,12/16/19,12:00 AM,43815.0,WINTER,2019.0,WINTER_2019,94.0,24.4,120.3,9.6,642.0,0.31,7.47,,,227.05,6.43,4.68,550.67,198.27,3.25,,227.05,6.43,4.68,198.27,3.25
501,497.0,Ulupo.Kawainui_43815,Ulupo.Kawainui,12/16/19,12:00 AM,43815.0,WINTER,2019.0,WINTER_2019,96.0,25.5,119.5,9.77,503.0,0.24,7.86,,,52.38,2.72,1.6,97.1,28.98,10.31,,52.38,2.72,1.6,28.98,10.31
502,498.0,Ulupo.Kawainui_pipe_43815,Ulupo.Kawainui_pipe,12/16/19,12:00 AM,43815.0,WINTER,2019.0,WINTER_2019,95.0,25.5,119.5,9.77,503.0,0.24,7.86,,,203.52,14.28,11.67,0.73,178.33,0.03,,203.52,14.28,11.67,178.33,0.03
503,499.0,Ulupo.Spring_43815,Ulupo.Spring,12/16/19,12:00 AM,43815.0,WINTER,2019.0,WINTER_2019,93.0,24.8,96.2,7.86,588.0,0.28,7.72,,,162.23,8.94,7.29,538.22,144.37,0.21,,162.23,8.94,7.29,144.37,0.21
504,500.0,Waiawia_43815,Waiawia,12/16/19,12:00 AM,43815.0,WINTER,2019.0,WINTER_2019,97.0,24.8,9.3,0.7,78.07,4.31,7.09,,,44.76,5.9,5.03,97.15,0.24,11.48,,44.76,5.9,5.03,0.24,11.48
505,501.0,Kalapahapuu_43840,Kalapahapuu,1/10/20,10:45 AM,43840.44792,WINTER,2020.0,WINTER_2019,345.0,,,,,,,,,42.29,0.66,0.07,,30.34,ND<0.36,462.0,42.29,0.66,0.07,30.34,0.25
506,502.0,Lepelau_43840,Lepelau,1/10/20,9:00 AM,43840.375,WINTER,2020.0,WINTER_2019,376.0,,,,,,,,,56.51,0.61,0.14,,43.43,2.23,448.8,56.51,0.61,0.14,43.43,2.23
507,503.0,Koholalele_Kai_43844,Koholalele_Kai,1/14/20,12:15 PM,43844.51042,WINTER,2020.0,WINTER_2019,360.0,,,,,,,,,10.56,0.34,0.09,,0.63,ND<0.36,127.3,10.56,0.34,0.09,0.63,0.25
508,503.0,Koholalele_Kai_43844,Koholalele_Kai,1/14/20,12:15 PM,43844.51042,WINTER,2020.0,WINTER_2019,361.0,,,,,,,,,11.76,0.36,0.07,,0.59,ND<0.36,122.8,11.76,0.36,0.07,0.59,0.25
509,504.0,Waihalulu_43844,Waihalulu,1/14/20,8:45 AM,43844.36458,WINTER,2020.0,WINTER_2019,389.0,,,,,,,,,43.29,0.52,0.1,,21.47,0.82,100.2,43.29,0.52,0.1,21.47,0.82
510,505.0,KaluaoLono_punawai_Lepelau_43847,KaluaoLono_punawai_Lepelau,1/17/20,9:30 AM,43847.39583,WINTER,2020.0,WINTER_2019,347.0,,,,,,,,,68.05,0.6,0.07,,60.59,ND<0.36,92.55,68.05,0.6,0.07,60.59,0.25
511,506.0,Kahua_Waipunalau_43854,Kahua_Waipunalau,1/24/20,12:00 AM,43854.0,WINTER,2020.0,WINTER_2019,340.0,,,,,,,,,18.25,0.61,0.41,,13.13,ND<0.36,74.21,18.25,0.61,0.41,13.13,0.25
512,507.0,Kaha_43856,Kaha,1/26/20,12:00 AM,43856.0,WINTER,2020.0,WINTER_2019,104.0,27.6,120.4,8.6,14314.0,8.26,7.89,,,53.05046878,3.68,3.654432398,613.32,0.11,19.03,,53.05046878,3.68,3.654432398,0.11,19.03
513,508.0,Kapaa_Quary_Spring_43856,Kapaa_Quary_Spring,1/26/20,12:00 AM,43856.0,WINTER,2020.0,WINTER_2019,102.0,24.9,4.3,0.33,3432.0,1.8,7.62,,,216.8785985,12.9,12.6307252,582.79,0.65,30.8,,216.8785985,12.9,12.6307252,0.65,30.8
514,508.0,Kapaa_Quary_Spring_43856,Kapaa_Quary_Spring,1/26/20,12:00 AM,43856.0,WINTER,2020.0,WINTER_2019,103.0,24.8,5.6,0.44,1078.0,0.53,7.01,,,66.5383737,0.97,0.830124829,777.52,47.97,BD <0.02,,66.5383737,0.97,0.830124829,47.97,0.014142136
515,509.0,Mokapu_Outlet_43856,Mokapu_Outlet,1/26/20,12:00 AM,43856.0,WINTER,2020.0,WINTER_2019,,,,,,,,,,,,,,,,,,,,,
516,510.0,Sherines_House_43856,Sherines_House,1/26/20,12:00 AM,43856.0,WINTER,2020.0,WINTER_2019,106.0,26.2,80.2,5.23,41141.0,26.3,7.8,,,16.22531402,0.83,0.767337578,565.67,0.84,1.13,,16.22531402,0.83,0.767337578,0.84,1.13
517,511.0,W.Kailua_Bay_1_43856,W.Kailua_Bay_1,1/26/20,12:00 AM,43856.0,WINTER,2020.0,WINTER_2019,109.0,25.6,161.7,10.4,52420.0,34.51,7.7,,,5.35009616,0.31,0.218426916,12.15,0.2,0.16,,5.35009616,0.31,0.218426916,0.2,0.16
518,512.0,W.Kailua_Bay_2_43856,W.Kailua_Bay_2,1/26/20,12:00 AM,43856.0,WINTER,2020.0,WINTER_2019,110.0,25.2,152.0,102.3,520529.0,34.26,7.6,,,4.606752209,0.23,0.166127514,2.71,0.01,0.17,,4.606752209,0.23,0.166127514,0.01,0.17
519,513.0,W.Kailua_Bay_CoralReef_43856,W.Kailua_Bay_CoralReef,1/26/20,12:00 AM,43856.0,WINTER,2020.0,WINTER_2019,111.0,26.1,167.7,11.21,51735.0,33.94,8.2,,,5.270794519,0.25,0.182814845,9.19,0.03,0.1,,5.270794519,0.25,0.182814845,0.03,0.1
520,513.0,W.Kailua_Bay_CoralReef_43856,W.Kailua_Bay_CoralReef,1/26/20,12:00 AM,43856.0,WINTER,2020.0,WINTER_2019,112.0,26.1,167.7,11.21,51735.0,33.94,8.2,,,162.5683034,3.13,2.877865513,3.38,6.22,117.05,,162.5683034,3.13,2.877865513,6.22,117.05
521,513.0,W.Kailua_Bay_CoralReef_43856,W.Kailua_Bay_CoralReef,1/26/20,12:00 AM,43856.0,WINTER,2020.0,WINTER_2019,113.0,26.1,167.7,11.21,51735.0,33.94,8.2,,,628.778292,13.15,10.92302386,5.19,0.32,265.48,,628.778292,13.15,10.92302386,0.32,265.48
522,514.0,Buzz_43863,Buzz,2/2/20,12:00 AM,43863.0,WINTER,2020.0,WINTER_2019,99.0,24.3,103.4,9.4,14898.0,7.89,8.33,,,162.5683034,1.13,1.069294378,457.81,5.98,0.11,,162.5683034,1.13,1.069294378,5.98,0.11
523,515.0,E.Kailua_Bay_1_43863,E.Kailua_Bay_1,2/2/20,12:00 AM,43863.0,WINTER,2020.0,WINTER_2019,114.0,24.3,131.0,8.8,51603.0,34.02,7.76,,,5.523514033,0.29,0.213019848,9.73,0.4,0.31,,5.523514033,0.29,0.213019848,0.4,0.31
524,516.0,E.Kailua_Bay_2_43863,E.Kailua_Bay_2,2/2/20,12:00 AM,43863.0,WINTER,2020.0,WINTER_2019,115.0,24.6,132.0,9.06,52416.0,34.49,7.89,,,4.384097602,0.22,0.12380322,2.64,0.09,BD <0.02,,4.384097602,0.22,0.12380322,0.09,0.014142136
525,517.0,E.Kailua_Bay_CoralReef_43863,E.Kailua_Bay_CoralReef,2/2/20,12:00 AM,43863.0,WINTER,2020.0,WINTER_2019,116.0,24.1,132.0,10.3,53723.0,34.6,7.83,,,4.89476531,0.25,0.135269934,10.16,0.06,BD <0.02,,4.89476531,0.25,0.135269934,0.06,0.014142136
526,517.0,E.Kailua_Bay_CoralReef_43863,E.Kailua_Bay_CoralReef,2/2/20,12:00 AM,43863.0,WINTER,2020.0,WINTER_2019,117.0,24.1,132.0,10.3,53723.0,34.6,7.83,,,4.89476531,0.25,0.135269934,10.16,0.06,BD <0.02,,4.89476531,0.25,0.135269934,0.06,0.014142136
527,517.0,E.Kailua_Bay_CoralReef_43863,E.Kailua_Bay_CoralReef,2/2/20,12:00 AM,43863.0,WINTER,2020.0,WINTER_2019,118.0,24.1,132.0,10.3,53723.0,34.6,7.83,,,4.89476531,0.25,0.135269934,10.16,0.06,BD <0.02,,4.89476531,0.25,0.135269934,0.06,0.014142136
528,518.0,Kaha_43863,Kaha,2/2/20,,43863.0,WINTER,2020.0,WINTER_2019,,,,,,,,,,,,,,,,,,,,,
529,519.0,Kapaa_Quary_Spring_43863,Kapaa_Quary_Spring,2/2/20,,43863.0,WINTER,2020.0,WINTER_2019,,,,,,,,,,,,,,,,,,,,,
530,520.0,Mauka_Kawainui_43863,Mauka_Kawainui,2/2/20,,43863.0,WINTER,2020.0,WINTER_2019,,,,,,,,,,,,,,,,,,,,,
531,521.0,Sherines_House_43863,Sherines_House,2/2/20,,43863.0,WINTER,2020.0,WINTER_2019,,,,,,,,,,,,,,,,,,,,,
532,522.0,W.Kailua_Bay_1_43863,W.Kailua_Bay_1,2/2/20,,43863.0,WINTER,2020.0,WINTER_2019,,,,,,,,,,,,,,,,,,,,,
533,523.0,W.Kailua_Bay_2_43863,W.Kailua_Bay_2,2/2/20,,43863.0,WINTER,2020.0,WINTER_2019,,,,,,,,,,,,,,,,,,,,,
534,524.0,W.Kailua_Bay_CoralReef_43863,W.Kailua_Bay_CoralReef,2/2/20,,43863.0,WINTER,2020.0,WINTER_2019,,,,,,,,,,,,,,,,,,,,,
535,525.0,Waiawia_43863,Waiawia,2/2/20,,43863.0,WINTER,2020.0,WINTER_2019,,,,,,,,,,,,,,,,,,,,,
536,526.0,Koholalele_Kai_43867,Koholalele_Kai,2/6/20,11:30 AM,43867.47917,WINTER,2020.0,WINTER_2019,362.0,,,,,,,,,9.82,ND<0.25,0.07,,0.46,ND<0.36,175.4,9.82,0.18,0.07,0.46,0.25
537,527.0,Waihalulu_43867,Waihalulu,2/6/20,2:30 PM,43867.60417,WINTER,2020.0,WINTER_2019,390.0,,,,,,,,,10.59,0.56,0.27,,5.46,0.52,96.51,10.59,0.56,0.27,5.46,0.52
538,528.0,Kalapahapuu_43892,Kalapahapuu,3/2/20,10:00 AM,43892.41667,SPRING,2020.0,SPRING_2020,346.0,,,,,,,,,72.85,0.53,0.28,,58.37,2.98,227.41,72.85,0.53,0.28,58.37,2.98
539,529.0,Lepelau_43892,Lepelau,3/2/20,9:30 AM,43892.39583,SPRING,2020.0,SPRING_2020,377.0,,,,,,,,,42.85,ND,0.06,,27,3.45,306.61,42.85,0.18,0.06,27.0,3.45
540,530.0,Waihalulu_43892,Waihalulu,3/2/20,11:15 AM,43892.46875,SPRING,2020.0,SPRING_2020,391.0,,,,,,,,,16.47,0.5,0.25,,5.83,4.49,107.1,16.47,0.5,0.25,5.83,4.49
541,531.0,KaluaoLono_punawai_Lepelau_43902,KaluaoLono_punawai_Lepelau,3/12/20,11:00 AM,43902.45833,SPRING,2020.0,SPRING_2020,348.0,,,,,,,,,61.86,0.27,ND,,57.84,1.2,81.75,61.86,0.27,0.02,57.84,1.2
542,532.0,Koholalele_Kai_43902,Koholalele_Kai,3/12/20,11:00 AM,43902.45833,SPRING,2020.0,SPRING_2020,363.0,,,,,,,,,12.27,ND,ND,,0.55,1.41,151.12,12.27,0.18,0.02,0.55,1.41
543,533.0,Waihalulu_43902,Waihalulu,3/12/20,11:45 AM,43902.48958,SPRING,2020.0,SPRING_2020,392.0,,,,,,,,,10.91,0.48,0.12,,2.58,2.76,34.5,10.91,0.48,0.12,2.58,2.76
544,534.0,Koholalele_Kai_43931,Koholalele_Kai,4/10/20,2:15 PM,43931.59375,SPRING,2020.0,SPRING_2020,364.0,,,,,,,,,10.92,ND,ND,,0.48,0.95,143.48,10.92,0.18,0.02,0.48,0.95
545,535.0,Waihalulu_43931,Waihalulu,4/10/20,1:30 PM,43931.5625,SPRING,2020.0,SPRING_2020,393.0,,,,,,,,,5.67,0.37,0.08,,1.06,1.77,56.38,5.67,0.37,0.08,1.06,1.77
546,536.0,Koholalele_Kai_43957,Koholalele_Kai,5/6/20,11:00 AM,43957.45833,SPRING,2020.0,SPRING_2020,365.0,,,,,,,,,12.98,ND,ND,,0.71,0.77,155.64,12.98,0.18,0.02,0.71,0.77
547,537.0,Waihalulu_43957,Waihalulu,5/6/20,1:45 PM,43957.57292,SPRING,2020.0,SPRING_2020,394.0,,,,,,,,,8.6,0.31,ND,,0.9,0.59,36.49,8.6,0.31,0.02,0.9,0.59
548,538.0,Koholalele_Kai_43990,Koholalele_Kai,6/8/20,9:30 AM,43990.39583,SUMMER,2020.0,SUMMER_2020,366.0,,,,,,,,,,,,,,,,,,,,
549,539.0,Waihalulu_43990,Waihalulu,6/8/20,10:30 AM,43990.4375,SUMMER,2020.0,SUMMER_2020,395.0,,,,,,,,,,,,,,,,,,,,
550,540.0,Koholalele_Kai_44021,Koholalele_Kai,7/9/20,11:15 AM,44021.46875,SUMMER,2020.0,SUMMER_2020,367.0,,,,,,,,,,,,,,,,,,,,
551,541.0,Waihalulu_44021,Waihalulu,7/9/20,10:30 AM,44021.4375,SUMMER,2020.0,SUMMER_2020,396.0,,,,,,,,,,,,,,,,,,,,
552,542.0,Koholalele_Kai_44047,Koholalele_Kai,8/4/20,1:15 PM,44047.55208,SUMMER,2020.0,SUMMER_2020,368.0,,,,,,,,,,,,,,,,,,,,
553,543.0,Waihalulu_44047,Waihalulu,8/4/20,1:45 PM,44047.57292,SUMMER,2020.0,SUMMER_2020,397.0,,,,,,,,,,,,,,,,,,,,
554,544.0,Richardson_47174,Richardson,2/25/20,,47174.0,WINTER,2020.0,WINTER_2019,,,,,,,,,,,,,,,,,,,,,
555,545.0,Kahanaiki_stream_43815,Kahanaiki_stream,12/16/19,,43815.0,WINTER,2019.0,WINTER_2019,121.0,22.7,126.6,10.48,209.1,0.1,7.18,,,6.45,0.44,0.37,626.79,2.14,BD <0.02,,6.45,0.44,0.37,2.14,0.014142136
556,,KKO_S2.LOI_HOI_ 1_43658,,,,,,,,82.0,27.35,62.35,4.92,235.0,0.11,7.12,,,,,,,,,,,,,,
557,,KKO_S4.NEW_ LOI_AUWAI_43658,,,,,,,,83.0,24.1,143.6,12.035,181.25,0.08,7.585,,,,,,,,,,,,,,
558,,Mokapu_ Outlet_43856,,,,,,,,108.0,26.4,161.12,10.44,50603.0,32.37,5.3,,,6.693431096,0.31,0.280981103,65.63,0.39,0.36,,6.693431096,0.31,0.280981103,0.39,0.36
559,,_43627,,,,,,,,292.0,20.6,99.5,8.86,79.2,0.04,7.72,,,,,,,,,,,,,,
560,,_43627,,,,,,,,293.0,20.7,110.3,9.99,79.2,0.04,7.92,,,,,,,,,,,,,,
561,,_43627,,,,,,,,294.0,20.7,110.3,9.78,79.3,0.04,7.87,,,,,,,,,,,,,,
562,,_43627,,,,,,,,296.0,20.7,106.5,9.47,79.3,0.04,7.87,,,,,,,,,,,,,,
563,,_43627,,,,,,,,297.0,20.7,107.2,9.24,79.2,0.04,8.02,,,,,,,,,,,,,,
564,,_43627,,,,,,,,298.0,20.7,108.3,9.71,78.4,0.04,8.21,,,,,,,,,,,,,,
565,,_43627,,,,,,,,299.0,20.8,115.0,10.19,79.2,0.04,7.92,,,,,,,,,,,,,,
566,,_43627,,,,,,,,300.0,20.7,110.4,9.91,79.1,0.04,8.06,,,,,,,,,,,,,,
567,,_43627,,,,,,,,301.0,20.6,109.2,9.8,79.2,0.04,8.02,,,,,,,,,,,,,,
568,,_43627,,,,,,,,302.0,20.6,113.1,10.09,78.6,0.04,8.05,,,,,,,,,,,,,,
569,,_43627,,,,,,,,303.0,20.8,123.2,10.69,78.8,0.04,8.23,,,,,,,,,,,,,,
570,,_43627,,,,,,,,304.0,20.8,114.0,10.13,78.4,0.04,7.88,,,,,,,,,,,,,,
571,,_43627,,,,,,,,305.0,20.7,11850.0,10.4,79.0,0.04,8.23,,,,,,,,,,,,,,
